id,code,uic,name_short,name_medium,name_long,slug,country,type,geo_lat,geo_lng,province
266,HT,8400319,Den Bosch,'s-Hertogenbosch,'s-Hertogenbosch,s-hertogenbosch,NL,knooppuntIntercitystation,51.69048,5.29362,Noord-Brabant
269,HTO,8400320,Dn Bosch O,Hertogenb. Oost,'s-Hertogenbosch Oost,s-hertogenbosch-oost,NL,stoptreinstation,51.700553894,5.31833314896,Noord-Brabant
227,HDE,8400388,'t Harde,'t Harde,'t Harde,t-harde,NL,stoptreinstation,52.4091682,5.893611,Gelderland
8,AHBF,8015345,Aachen,Aachen Hbf,Aachen Hbf,aachen-hbf,D,knooppuntIntercitystation,50.7678,6.091499,
51,ATN,8400045,Aalten,Aalten,Aalten,aalten,NL,stoptreinstation,51.9213265246,6.57862722874,Gelderland
5,AC,8400047,Abcoude,Abcoude,Abcoude,abcoude,NL,stoptreinstation,52.2785,4977.0,
550,EAHS,8021123,Ahaus,Ahaus,Ahaus,ahaus,D,stoptreinstation,52.0797961209,7.01635837555,
12,AIME,8774176,Aime-la-Pl,Aime-la-Plagne,Aime-la-Plagne,aime-la-plagne,F,intercitystation,45.55438,6.64869,
551,AIXTGV,8731901,Aix-en-Pro,Aix-en-Provence,Aix-en-Provence,aix-en-provence,F,intercitystation,43.5228190773,5.44531345367,
14,AKM,8400049,Akkrum,Akkrum,Akkrum,akkrum,NL,stoptreinstation,53.0463905334,5.84361124039,Friesland
15,ALBERT,8774164,Albertv.,Albertville,Albertville,albertville,F,intercitystation,45.67302,6.38306,
679,ALESS,8300003,Alessandr.,Alessandria,Alessandria,alessandria,I,intercitystation,44.90927,8.60649,
26,AMR,8400050,Alkmaar,Alkmaar,Alkmaar,alkmaar,NL,knooppuntIntercitystation,52.6377792358,4.73972225189,Noord-Holland
28,AMRN,8400052,Alkmaar N,Alkmaar Noord,Alkmaar Noord,alkmaar-noord,NL,stoptreinstation,52.6438903809,4.76416683197,Noord-Holland
25,AML,8400051,Almelo,Almelo,Almelo,almelo,NL,knooppuntIntercitystation,52.3580551147,6.65388870239,Overijssel
27,AMRI,8400520,de Riet,Almelo de Riet,Almelo de Riet,almelo-de-riet,NL,stoptreinstation,52.3419456482,6.66666650772,Overijssel
18,ALMB,8400081,Buiten,Almere Buiten,Almere Buiten,almere-buiten,NL,stoptreinstation,52.3941650391,5.27805566788,Flevoland
17,ALM,8400080,Almere C,Almere C.,Almere Centrum,almere-centrum,NL,knooppuntIntercitystation,52.37503,5.21764,Flevoland
19,ALMM,8400082,Muziekwijk,Muziekwijk,Almere Muziekwijk,almere-muziekwijk,NL,stoptreinstation,52.3675003052,5.19027757645,Flevoland
20,ALMO,8400226,Oostvaard,Oostvaarders,Almere Oostvaarders,almere-oostvaarders,NL,stoptreinstation,52.4033317566,5.30055570602,Flevoland
21,ALMP,8400104,Parkwijk,Almere Parkwijk,Almere Parkwijk,almere-parkwijk,NL,stoptreinstation,52.3766670227,5.24472236633,Flevoland
680,AMPO,8400450,Almere Prt,Almere Poort,Almere Poort,almere-poort,NL,stoptreinstation,52.342778,5.151944,Flevoland
36,APN,8400053,Alphen,Alphen a/d Rijn,Alphen a/d Rijn,alphen-a-d-rijn,NL,knooppuntIntercitystation,52.1244430542,4.65777778625,Zuid-Holland
553,EABG,8021148,Altenberge,Altenberge,Altenberge,altenberge,D,stoptreinstation,52.05223,7.481202,
23,AMF,8400055,Amersfoort,Amersfoort,Amersfoort,amersfoort,NL,knooppuntIntercitystation,52.1538887024,5.37055540085,Utrecht
24,AMFS,8400054,Schothorst,Schothorst,Amersfoort Schothorst,amersfoort-schothorst,NL,stoptreinstation,52.1748221375,5.40388870239,Utrecht
54,AVAT,8400228,Vathorst,Vathorst,Amersfoort Vathorst,amersfoort-vathorst,NL,stoptreinstation,52.192779541,5.4338889122,Utrecht
40,ASA,8400057,Amstel,Amsterdam Amstel,Amsterdam Amstel,amsterdam-amstel,NL,intercitystation,52.3466682434,4.91777801514,Noord-Holland
41,ASB,8400074,Bijlmer A,Bijlmer ArenA,Amsterdam Bijlmer ArenA,amsterdam-bijlmer-arena,NL,knooppuntStoptreinstation,52.3122215271,4.94694423676,Noord-Holland
43,ASD,8400058,Amsterdam,Amsterdam CS,Amsterdam Centraal,amsterdam-centraal,NL,megastation,52.3788871765,4.90027761459,Noord-Holland
47,ASHD,8400231,Holendrcht,Holendrecht,Amsterdam Holendrecht,amsterdam-holendrecht,NL,stoptreinstation,52.29844,4.95972,Noord-Holland
44,ASDL,8400079,Lelylaan,Lelylaan,Amsterdam Lelylaan,amsterdam-lelylaan,NL,stoptreinstation,52.3577766418,4.83388900757,Noord-Holland
45,ASDM,8400060,Muiderprt,Muiderpoort,Amsterdam Muiderpoort,amsterdam-muiderpoort,NL,stoptreinstation,52.3605537415,4.93111133575,Noord-Holland
393,RAI,8400056,RAI,Amsterdam RAI,Amsterdam RAI,amsterdam-rai,NL,stoptreinstation,52.337223053,4.89027786255,Noord-Holland
48,ASSP,8400235,Scienceprk,Science Park,Amsterdam Science Park,amsterdam-science-park,NL,stoptreinstation,52.35526,4.94651,Noord-Holland
50,ASS,8400059,Sloterdijk,Sloterdijk,Amsterdam Sloterdijk,amsterdam-sloterdijk,NL,knooppuntIntercitystation,52.3888893127,4.83777761459,Noord-Holland
738,VMW,8400078,vd Madeweg,Van der Madeweg,Amsterdam Van der Madeweg,amsterdam-van-der-madeweg,NL,facultatiefStation,52.330134,4.92975,Noord-Holland
46,ASDZ,8400061,Amsterdm Z,Amsterdam Zuid,Amsterdam Zuid,amsterdam-zuid,NL,intercitystation,52.3388900757,4.87166643143,Noord-Holland
29,ANA,8400065,Anna Paulo,Anna Paulowna,Anna Paulowna,anna-paulowna,NL,stoptreinstation,52.8672218323,4.81111097336,Noord-Holland
699,BERCH,8821121,Antw-Berch,Antw-Berchem,Antwerpen-Berchem,antwerpen-berchem,B,knooppuntStoptreinstation,51.2001783,4.4327702,
52,ATW,8821006,Antwerpen,Antwerpen-C.,Antwerpen-Centraal,antwerpen-centraal,B,megastation,51.2161,4.42122,
555,ATWLB,8821063,Antw-Bal,Antw-Luchtbal,Antwerpen-Luchtbal,antwerpen-luchtbal,B,stoptreinstation,51.2449375,4.4251543,
556,ANDD,8821089,Antw-dok,Antw-N'dokken,Antwerpen-Noorderdokken,antwerpen-noorderdokken,B,stoptreinstation,51.261686,4.4274315,
701,FNZD,8821196,Antw-Zuid,Antwerpen-Zuid,Antwerpen-Zuid,antwerpen-zuid,B,stoptreinstation,51.19785,4.39027,
31,APD,8400066,Apeldoorn,Apeldoorn,Apeldoorn,apeldoorn,NL,knooppuntIntercitystation,52.2091674805,5.97027778625,Gelderland
32,APDM,8400233,De Maten,De Maten,Apeldoorn De Maten,apeldoorn-de-maten,NL,stoptreinstation,52.2052764893,6.00055551529,Gelderland
33,APDO,8400229,Osseveld,Osseveld,Apeldoorn Osseveld,apeldoorn-osseveld,NL,stoptreinstation,52.2152786255,6.00444459915,Gelderland
34,APG,8400067,Appingedam,Appingedam,Appingedam,appingedam,NL,stoptreinstation,53.3258135,6.8619577,Groningen
13,AKL,8400068,Arkel,Arkel,Arkel,arkel,NL,stoptreinstation,51.8719444275,4.9927778244,Zuid-Holland
37,ARN,8400069,Arnemuiden,Arnemuiden,Arnemuiden,arnemuiden,NL,stoptreinstation,51.5016670227,3.66916656494,Zeeland
6,AH,8400071,Arnhem C,Arnhem C.,Arnhem Centraal,arnhem-centraal,NL,knooppuntIntercitystation,51.9850006104,5.89916658401,Gelderland
10,AHPR,8400075,Presikhaaf,Presikhaaf,Arnhem Presikhaaf,arnhem-presikhaaf,NL,stoptreinstation,51.9880561829,5.94388866425,Gelderland
9,AHP,8400072,Velperprt,Velperpoort,Arnhem Velperpoort,arnhem-velperpoort,NL,stoptreinstation,51.9852790833,5.919444561,Gelderland
11,AHZ,8400227,Arnhem Z,Arnhem Zuid,Arnhem Zuid,arnhem-zuid,NL,stoptreinstation,51.9550018311,5.85194444656,Gelderland
746,ASHFD,7054660,AshfordINT,Ashford Internat,Ashford International,ashford-international,GB,intercitystation,51.14371,0.87612,
49,ASN,8400073,Assen,Assen,Assen,assen,NL,knooppuntIntercitystation,52.9916648865,6.57083320618,Drenthe
557,MA,8002071,Augsburg,Augsburg Hbf,Augsburg Hbf,augsburg-hbf,D,sneltreinstation,48.3654307144,10.885477066,
55,AVTGV,8731896,Avignon,Avignon TGV,Avignon TGV,avignon-tgv,F,megastation,43.92194,4.78604,
102,BRN,8400086,Baarn,Baarn,Baarn,baarn,NL,knooppuntStoptreinstation,52.2083320618,5.28083324432,Utrecht
76,BH,8021156,Bentheim,Bad Bentheim,Bad Bentheim,bad-bentheim,D,knooppuntIntercitystation,52.3096855952,7.15853691101,
361,NSCH,8400457,Nweschans,Bad Nieuweschans,Bad Nieuweschans,bad-nieuweschans,NL,knooppuntStoptreinstation,53.1844,7.19937,Groningen
558,OEYNH,8013585,Bad Oeynh,Bad Oeynhausen,Bad Oeynhausen,bad-oeynhausen,D,intercitystation,52.205461,8.796932,
726,BADSCH,8006006,Bad Schand,Bad Schandau,Bad Schandau,bad-schandau,D,intercitystation,50.91851,14.14,
58,BADENZ,8503504,Baden,Baden,Baden,baden,CH,stoptreinstation,47.47638,8.30772,
559,RBB,8014277,Baden-B.,Baden-Baden,Baden-Baden,baden-baden,D,intercitystation,48.790082,8.190468,
74,BF,8400089,Baflo,Baflo,Baflo,baflo,NL,stoptreinstation,53.3608969,6.5185581,Groningen
98,BRD,8400090,Barendrcht,Barendrecht,Barendrecht,barendrecht,NL,stoptreinstation,51.8547210693,4.55333328247,Zuid-Holland
87,BNC,8400091,Barnevld C,Barneveld C.,Barneveld Centrum,barneveld-centrum,NL,stoptreinstation,52.1399993896,5.59027767181,Gelderland
89,BNN,8400092,Barnevld N,Barneveld Noord,Barneveld Noord,barneveld-noord,NL,stoptreinstation,52.1613883972,5.5980553627,Gelderland
764,BNZ,8400115,Barnevld Z,Barneveld Zuid,Barneveld Zuid,barneveld-zuid,NL,stoptreinstation,52.128853,5.60246,Gelderland
59,BASELB,8014431,Basel Bad,Basel Bad Bf,Basel Bad Bf,basel-bad-bf,D,stoptreinstation,47.56815,7.6073,
60,BASELS,8500010,Basel SBB,Basel SBB,Basel SBB,basel-sbb,CH,megastation,47.5474,7.58956,
64,BDM,8400094,Bedum,Bedum,Bedum,bedum,NL,stoptreinstation,53.3068857,6.593054,Groningen
78,BK,8400096,Beek-E,Beek-Elsloo,Beek-Elsloo,beek-elsloo,NL,stoptreinstation,50.9474983215,5.78666687012,Limburg
106,BSD,8400097,Beesd,Beesd,Beesd,beesd,NL,stoptreinstation,51.8994445801,5.19444465637,Gelderland
82,BL,8400100,Beilen,Beilen,Beilen,beilen,NL,stoptreinstation,52.8547210693,6.52111101151,Drenthe
781,LLB,8894433,Belsele,Belsele,Belsele,belsele,B,stoptreinstation,51.150833,4.088332,
75,BGN,8400108,Bergen opZ,Bergen op Zoom,Bergen op Zoom,bergen-op-zoom,NL,stoptreinstation,51.493888855,4.29611110687,Noord-Brabant
68,BERHBL,8065969,Berlin Hbf,Berlin Hbf,Berlin Hbf,berlin-hbf,D,megastation,52.52503,13.36946,
768,BERHBT,8031922,Berlin Hbf,Berlin Hbf,Berlin Hbf (tief),berlin-hbf-tief,D,megastation,52.525555,13.369444,
561,BHF,8003004,Berlin Ost,Berlin Ostbhf,Berlin Ostbahnhof,berlin-ostbahnhof,D,knooppuntIntercitystation,52.5104989,13.4346995,
778,BPAF,8065971,Berlin Süd,Berlin Südkreuz,Berlin Südkreuz,berlin-sudkreuz,D,intercitystation,52.47611,13365.0,
728,BERFL,8000000,Berlin-Fl.,Berlin-S Flug.,Berlin-Schönefeld Flug.,berlin-schonefeld-flug,D,intercitystation,52.3915,13513.0,
562,BSPD,8003025,Berlin-Spa,Berlin-Spandau,Berlin-Spandau,berlin-spandau,D,intercitystation,52.5343152,13.1989467,
73,BET,8400112,Best,Best,Best,best,NL,stoptreinstation,51.5099983215,5.38916683197,Noord-Brabant
782,FBR,8894748,Beveren,Beveren,Beveren,beveren,B,stoptreinstation,51.208056,4.259444,
111,BV,8400113,Beverwijk,Beverwijk,Beverwijk,beverwijk,NL,intercitystation,52.4783325195,4.65666675568,Noord-Holland
563,BIELEF,8000036,Bielefeld,Bielefeld Hbf,Bielefeld Hbf,bielefeld-hbf,D,stoptreinstation,52.029261,8.532722,
77,BHV,8400114,Bilthoven,Bilthoven,Bilthoven,bilthoven,NL,stoptreinstation,52.1300010681,5.20388889313,Utrecht
748,FIE,8831138,Bilzen,Bilzen,Bilzen,bilzen,B,stoptreinstation,50.868333,5.509167,
564,BISCHO,8101134,Bischofsh.,Bischofshofen,Bischofshofen,bischofshofen,A,stoptreinstation,47.41748,13.21991,
97,BR,8400117,Blerick,Blerick,Blerick,blerick,NL,stoptreinstation,51.3725013733,6.15500020981,Limburg
83,BLL,8400118,Bloemendl,Bloemendaal,Bloemendaal,bloemendaal,NL,stoptreinstation,52.4041671753,4.62750005722,Noord-Holland
565,BLUDEN,8101230,Bludenz,Bludenz,Bludenz,bludenz,A,intercitystation,47.15473,9.81456,
63,BDG,8400121,Bodegraven,Bodegraven,Bodegraven,bodegraven,NL,stoptreinstation,52.0813903809,4.74611091614,Zuid-Holland
567,KBOI,8015128,Boisheim,Boisheim,Boisheim,boisheim,D,intercitystation,51.274323,6.274591,
572,EBEO,8010385,Bönen,Bönen,Bönen,bonen,D,stoptreinstation,51.598015,7.757296,
92,BONN,8015485,Bonn Hbf,Bonn Hbf,Bonn Hbf,bonn-hbf,D,stoptreinstation,50.7320141647,7.09712505341,
702,FMB,8822814,Boom,Boom,Boom,boom,B,stoptreinstation,51.09063,4.36057,
568,EBOK,8021111,Bork,Bork,Bork,bork,D,stoptreinstation,51.66988,7.45664,
86,BN,8400124,Borne,Borne,Borne,borne,NL,stoptreinstation,52.2988891602,6.74805545807,Overijssel
107,BSK,8400125,Boskoop,Boskoop,Boskoop,boskoop,NL,stoptreinstation,52.0777778625,4.64694452286,Zuid-Holland
95,BOURG,8774179,Bourg-StM,Bourg-St-Maurice,Bourg-St-Maurice,bourg-st-maurice,F,intercitystation,45.61918,6.77167,
546,BHDV,8400236,Boven-Har,Boven-Hardinxv.,Boven-Hardinxveld,boven-hardinxveld,NL,stoptreinstation,51.832222,4.878056,Zuid-Holland
79,BKF,8400230,Bovenk Flo,Bovenkarspel Fl.,Bovenkarspel Flora,bovenkarspel-flora,NL,stoptreinstation,52.6961097717,5.25277757645,Noord-Holland
80,BKG,8400127,Bovenk-Gr,Bovenkarspel-Gr.,Bovenkarspel-Grootebroek,bovenkarspel-grootebroek,NL,stoptreinstation,52.6949996948,5.23777770996,Noord-Holland
85,BMR,8400128,Boxmeer,Boxmeer,Boxmeer,boxmeer,NL,knooppuntStoptreinstation,51.6445217677,5.93903303146,Noord-Brabant
109,BTL,8400129,Boxtel,Boxtel,Boxtel,boxtel,NL,knooppuntStoptreinstation,51.58433,5.31912,Noord-Brabant
720,BRAUNS,8013241,Braunschw,Braunschweig Hbf,Braunschweig Hbf,braunschweig-hbf,D,intercitystation,52.25224,10.53971,
61,BD,8400131,Breda,Breda,Breda,breda,NL,knooppuntIntercitystation,51.5955543518,4.78000020981,Noord-Brabant
65,BDPB,8400132,Prinsenbk,Prinsenbeek,Breda-Prinsenbeek,breda-prinsenbeek,NL,stoptreinstation,51.606388092,4.72083330154,Noord-Brabant
100,BRESSX,8843901,Bressoux,Bressoux,Bressoux,bressoux,B,stoptreinstation,50.643829,5.6112542,
81,BKL,8400133,Breukelen,Breukelen,Breukelen,breukelen,NL,knooppuntStoptreinstation,52.17149,4.9906,Utrecht
569,KBRY,8015129,Breyell,Breyell,Breyell,breyell,D,intercitystation,51.294615,6.241174,
84,BMN,8400136,Brummen,Brummen,Brummen,brummen,NL,stoptreinstation,52.0911102295,6.14694452286,Gelderland
103,BRUSC,8813003,Brussel-C,Brussel-C.,Brussel-Centraal,brussel-centraal,B,intercitystation,50.8454658,4.3571135,
104,BRUSN,8812005,Brussel-N,Brussel-Noord,Brussel-Noord,brussel-noord,B,knooppuntStoptreinstation,50.8605262,4.3617873,
105,BRUSZ,8814001,Brussel-Z,Brussel Z./Midi,Brussel-Zuid/Midi,brussel-zuid-midi,B,megastation,50.8350108,4.3345957,
766,FBNL,8819406,Brus Airpt,Brussels Airport,Brussels Airport-Zaventem,brussels-airport-zaventem,B,megastation,50.896389,4.481943,
794,HBDP,5510017,Budapest,Budapest,Budapest,budapest,H,intercitystation,47.500278,19.083889,
96,BP,8400139,Buitenpost,Buitenpost,Buitenpost,buitenpost,NL,knooppuntSneltreinstation,53.2564547,6.1446496,Friesland
62,BDE,8400140,Bunde,Bunde,Bunde,bunde,NL,stoptreinstation,50.8969459534,5.73666667938,Limburg
573,BUENDE,8000059,Bünde (W),Bünde (Westf),Bünde (Westf),bunde-westf,D,stoptreinstation,52.202075,8.573876,
88,BNK,8400141,Bunnik,Bunnik,Bunnik,bunnik,NL,stoptreinstation,52.0630569458,5.19444465637,Utrecht
108,BSMZ,8400145,Bussum Z,Bussum Zuid,Bussum Zuid,bussum-zuid,NL,stoptreinstation,52.2658348084,5.16305541992,Noord-Holland
119,CPS,8400147,Schollevr,Schollevaar,Capelle Schollevaar,capelle-schollevaar,NL,stoptreinstation,51.9541664124,4.58416652679,Zuid-Holland
113,CAS,8400151,Castricum,Castricum,Castricum,castricum,NL,intercitystation,52.5458335876,4.65861129761,Noord-Holland
114,CHAMB,8774100,Chambéry,Chambéry,Chambéry,chambery,F,intercitystation,45.57127,5.91953,
120,CVM,8400152,Chevremont,Chevremont,Chevremont,chevremont,NL,stoptreinstation,50.8761100769,6.05972242355,Limburg
729,CHUR,8509000,Chur,Chur,Chur,chur,CH,intercitystation,46.853333,9.528333,
574,ECMF,8021119,Coesfeld,Coesfeld (Westf),Coesfeld (Westf),coesfeld-westf,D,stoptreinstation,51.939,7.1642,
117,CO,8400153,Coevorden,Coevorden,Coevorden,coevorden,NL,knooppuntSneltreinstation,52.6636123657,6.7355556488,Drenthe
575,COMO,8301307,Como,Como,Como,como,I,intercitystation,45.80936,9.07325,
115,CK,8400155,Cuijk,Cuijk,Cuijk,cuijk,NL,stoptreinstation,51.7266825879,5.87429523468,Noord-Brabant
116,CL,8400154,Culemborg,Culemborg,Culemborg,culemborg,NL,stoptreinstation,51.9466667175,5.22694444656,Gelderland
121,DA,8400164,Daarlervn,Daarlerveen,Daarlerveen,daarlerveen,NL,stoptreinstation,52.4407702,6.5759947,Overijssel
134,DLN,8400161,Dalen,Dalen,Dalen,dalen,NL,stoptreinstation,52.6941680908,6.75805568695,Drenthe
129,DL,8400167,Dalfsen,Dalfsen,Dalfsen,dalfsen,NL,sneltreinstation,52.4983329773,6.25861120224,Overijssel
157,DVNK,8400188,De Vink,De Vink,De Vink,de-vink,NL,stoptreinstation,52.1472206116,4.45638895035,Zuid-Holland
783,DWE,8400745,Westereen,De Westereen,De Westereen,de-westereen,NL,stoptreinstation,53.24817,6.03463,Friesland
730,DECIN,5455659,Decin hl.n,Decin hl.n.,Decin hl.n.,decin-hln,CZ,intercitystation,50.77342,14.20125,
127,DEI,8400168,Deinum,Deinum,Deinum,deinum,NL,stoptreinstation,53.1888115,5.7281572,Friesland
123,DDN,8400169,Delden,Delden,Delden,delden,NL,stoptreinstation,52.2599983215,6.71611118317,Overijssel
144,DT,8400170,Delft,Delft,Delft,delft,NL,knooppuntIntercitystation,52.0066680908,4.35638904572,Zuid-Holland
147,DTZ,8400166,Delft Z,Delft Zuid,Delft Zuid,delft-zuid,NL,stoptreinstation,51.9908332825,4.36472225189,Zuid-Holland
158,DZ,8400171,Delfzijl,Delfzijl,Delfzijl,delfzijl,NL,stoptreinstation,53.3336625,6.9240797,Groningen
159,DZW,8400175,Delfzijl W,Delfzijl West,Delfzijl West,delfzijl-west,NL,stoptreinstation,53.3320834,6.9069092,Groningen
132,DLD,8400179,Den Dolder,Den Dolder,Den Dolder,den-dolder,NL,knooppuntStoptreinstation,52.1402778625,5.2427778244,Utrecht
214,GVC,8400282,Den Haag C,Den Haag C.,Den Haag Centraal,den-haag-centraal,NL,megastation,52.0802764893,4.32499980927,Zuid-Holland
213,GV,8400280,Dn Haag HS,Den Haag HS,Den Haag HS,den-haag-hs,NL,knooppuntIntercitystation,52.0697212219,4.32250022888,Zuid-Holland
302,LAA,8400380,Laan v NOI,Laan v NOI,Den Haag Laan v NOI,den-haag-laan-v-noi,NL,intercitystation,52.0786094666,4.34277772903,Zuid-Holland
215,GVM,8400278,Mariahoeve,Mariahoeve,Den Haag Mariahoeve,den-haag-mariahoeve,NL,stoptreinstation,52.0905570984,4.36944437027,Zuid-Holland
216,GVMW,8400279,Moerwijk,Moerwijk,Den Haag Moerwijk,den-haag-moerwijk,NL,stoptreinstation,52.0538902283,4.30861091614,Zuid-Holland
525,YPB,8400379,Ypenburg,Ypenburg,Den Haag Ypenburg,den-haag-ypenburg,NL,stoptreinstation,52.0552787781,4.39222240448,Zuid-Holland
229,HDR,8400311,Den Helder,Den Helder,Den Helder,den-helder,NL,intercitystation,52.9552764893,4.76111125946,Noord-Holland
230,HDRZ,8400303,Dn Heldr Z,Den Helder Zuid,Den Helder Zuid,den-helder-zuid,NL,stoptreinstation,52.9324989319,4.76416683197,Noord-Holland
137,DN,8400172,Deurne,Deurne,Deurne,deurne,NL,stoptreinstation,51.4558334351,5.78888893127,Noord-Brabant
153,DV,8400173,Deventer,Deventer,Deventer,deventer,NL,knooppuntIntercitystation,52.2574996948,6.1605553627,Overijssel
154,DVC,8400185,Colmschate,Colmschate,Deventer Colmschate,deventer-colmschate,NL,stoptreinstation,52.2502784729,6.2144446373,Overijssel
128,DID,8400174,Didam,Didam,Didam,didam,NL,stoptreinstation,51.933502,6.1324106,Gelderland
135,DMN,8400165,Diemen,Diemen,Diemen,diemen,NL,stoptreinstation,52.3458328247,4.96555566788,Noord-Holland
136,DMNZ,8400163,Diemen Z,Diemen Zuid,Diemen Zuid,diemen-zuid,NL,stoptreinstation,52.3302764893,4.95583343506,Noord-Holland
750,GDP,8831112,Diepenbeek,Diepenbeek,Diepenbeek,diepenbeek,B,stoptreinstation,50.910278,5.419722,
141,DR,8400176,Dieren,Dieren,Dieren,dieren,NL,intercitystation,52.0449981689,6.10305547714,Gelderland
145,DTC,8400177,Doetinchem,Doetinchem,Doetinchem,doetinchem,NL,knooppuntStoptreinstation,51.9585962,6.2962148,Gelderland
146,DTCH,8400184,De Huet,De Huet,Doetinchem De Huet,doetinchem-de-huet,NL,stoptreinstation,51.9591413,6.2598521,Gelderland
691,DOMOD,8301003,Domodosso.,Domodossola,Domodossola,domodossola,I,intercitystation,46.11529,8.29624,
124,DDR,8400180,Dordrecht,Dordrecht,Dordrecht,dordrecht,NL,knooppuntIntercitystation,51.807220459,4.66833353043,Zuid-Holland
125,DDRS,8400186,Stadspldrs,Stadspolders,Dordrecht Stadspolders,dordrecht-stadspolders,NL,stoptreinstation,51.8019447327,4.71666669846,Zuid-Holland
126,DDZD,8400181,Dordrcht Z,Dordrecht Zuid,Dordrecht Zuid,dordrecht-zuid,NL,stoptreinstation,51.7900009155,4.67138910294,Zuid-Holland
577,EDD,8010101,Dortmund D,Dortmund Derne,Dortmund Derne,dortmund-derne,D,stoptreinstation,51.56754,7.52855,
578,EDO,8010053,Dortmund,Dortmund Hbf,Dortmund Hbf,dortmund-hbf,D,knooppuntIntercitystation,51.517896,7.45929,
579,EDKD,8010102,Dortmund K,Dortmund Kirchd.,Dortmund Kirchderne,dortmund-kirchderne,D,stoptreinstation,51.547076,7.510099,
731,DRESD,8006050,Dresden H.,Dresden Hbf,Dresden Hbf,dresden-hbf,D,intercitystation,51.04056,13.73203,
724,DRESDN,8006216,Dresden-N,Dresden-Neustadt,Dresden-Neustadt,dresden-neustadt,D,intercitystation,51.06581,13741.0,
122,DB,8400182,Driebergen,Driebergen-Zeist,Driebergen-Zeist,driebergen-zeist,NL,knooppuntStoptreinstation,52.0652770996,5.25861120224,Utrecht
142,DRH,8400183,Driehuis,Driehuis,Driehuis,driehuis,NL,stoptreinstation,52.4425010681,4.63805532455,Noord-Holland
143,DRP,8400192,Dronryp,Dronryp,Dronryp,dronryp,NL,stoptreinstation,53.1778086,5.6347411,Friesland
682,DRON,8400198,Dronten,Dronten,Dronten,dronten,NL,stoptreinstation,52.5344,5.72089,Flevoland
798,dnw,8400190,Drunen,Drunen (NS-bus),Drunen (NS-bus),drunen-ns-bus,NL,facultatiefstation,51.686473,5.139887,Noord-Brabant
739,FDP,8822210,Duffel,Duffel,Duffel,duffel,B,stoptreinstation,51.091389,4.493056,
150,DUISB,8010316,Duisburg,Duisburg Hbf,Duisburg Hbf,duisburg-hbf,D,knooppuntIntercitystation,51.4297785713,6.77590370178,
156,DVN,8400193,Duiven,Duiven,Duiven,duiven,NL,stoptreinstation,51.9433326721,6.01472234726,Gelderland
155,DVD,8400194,Duivendrt,Duivendrecht,Duivendrecht,duivendrecht,NL,knooppuntStoptreinstation,52.3233337402,4.93638896942,Noord-Holland
580,KDUL,8015125,Dülken,Dülken,Dülken,dulken,D,intercitystation,51.257149,6.33793,
581,EDULH,8021005,Dülmen,Dülmen,Dülmen,dulmen,D,stoptreinstation,51.827927,7.295756,
152,DUSSEL,8008094,Düsseldrf,Düsseldorf Hbf,Düsseldorf Hbf,dusseldorf-hbf,D,megastation,51.220146,6.793137,
751,EBBS,7015440,Ebbsfleet,Ebbsfleet Intern,Ebbsfleet International,ebbsfleet-international,GB,intercitystation,51.44297,0.32095,
161,EC,8400195,Echt,Echt,Echt,echt,NL,stoptreinstation,51.1005554199,5.87888908386,Limburg
163,EDC,8400201,Ede C,Ede C.,Ede Centrum,ede-centrum,NL,stoptreinstation,52.0436096191,5.66833353043,Gelderland
162,ED,8400200,Ede-Wag,Ede-Wageningen,Ede-Wageningen,ede-wageningen,NL,knooppuntIntercitystation,52.0277786255,5.6730556488,Gelderland
697,WTM,8400608,Eijs-Witt,Eijs-Wittem,Eijs-Wittem,eijs-wittem,NL,facultatiefStation,50.82317,5.92479,Limburg
164,EDN,8400219,Eijsden,Eijsden,Eijsden,eijsden,NL,stoptreinstation,50.7719459534,5.71000003815,Limburg
168,EHV,8400206,Eindhoven,Eindhoven,Eindhoven,eindhoven,NL,megastation,51.4433326721,5.48138904572,Noord-Brabant
784,EHS,8400196,Strijp-S,Strijp-S,Eindhoven Strijp-S,eindhoven-strijp-s,NL,stoptreinstation,51.4511108398,5.45583343506,Noord-Brabant
625,LKR,8821071,Ekeren,Ekeren,Ekeren,ekeren,B,stoptreinstation,51.2816099,4.4341227,
184,EST,8400207,Elst,Elst,Elst,elst,NL,knooppuntStoptreinstation,51.9169425964,5.85500001907,Gelderland
173,EMN,8400208,Emmen,Emmen,Emmen,emmen,NL,sneltreinstation,52.7900009155,6.89944458008,Drenthe
174,EMNZ,8400407,Emmen Z,Emmen Zuid,Emmen Zuid,emmen-zuid,NL,sneltreinstation,52.7488663747,6.87478065491,Drenthe
171,EM,8010288,Emmerich,Emmerich,Emmerich,emmerich,D,stoptreinstation,51.834283,6.255718,
170,EKZ,8400210,Enkhuizen,Enkhuizen,Enkhuizen,enkhuizen,NL,stoptreinstation,52.6991653442,5.28638887405,Noord-Holland
585,EENP,8008134,Ennepetal,Ennepetal,Ennepetal (Gevelsberg),ennepetal-gevelsberg,D,stoptreinstation,51.304892,7.343285,
178,ES,8400212,Enschede,Enschede,Enschede,enschede,NL,knooppuntIntercitystation,52.2224998474,6.88999986649,Overijssel
181,ESE,8400217,Eschmarke,De Eschmarke,Enschede De Eschmarke,enschede-de-eschmarke,NL,stoptreinstation,52.2213897705,6.95111131668,Overijssel
785,ESK,8400221,Kennispark,Kennispark,Enschede Kennispark,enschede-kennispark,NL,stoptreinstation,52.2374992371,6.83888912201,Overijssel
586,EEPE,8021126,Epe (West),Epe (Westf),Epe (Westf),epe-westf,D,stoptreinstation,52.18346,7.03009,
805,ERAS,8400672,Erasmus,Erasmus (NS-bus),Erasmus uni. (NS-bus),erasmus-uni-ns-bus,NL,facultatiefStation,4.529139,51.916405,
172,EML,8400216,Ermelo,Ermelo,Ermelo,ermelo,NL,stoptreinstation,52.3016662598,5.61472225189,Gelderland
183,ESN,8821402,Essen,Essen,Essen,essen,B,stoptreinstation,51.46261,4.45129,
185,ETN,8400218,Etten-Leur,Etten-Leur,Etten-Leur,etten-leur,NL,intercitystation,51.5750007629,4.6358332634,Noord-Brabant
165,EGH,8400338,Eygelshov,Eygelshoven,Eygelshoven,eygelshoven,NL,stoptreinstation,50.8905563354,6.04500007629,Limburg
166,EGHM,8400234,Eygelsh M,Eygelshoven Mrkt,Eygelshoven Markt,eygelshoven-markt,NL,stoptreinstation,50.8960498196,6.06024742126,Limburg
786,FWD,8400638,Feanwalden,Feanwalden,Feanwalden,feanwalden,NL,stoptreinstation,53.2351834,5.9886615,Friesland
732,FIEBER,8101155,Fieberbrun,Fieberbrunn,Fieberbrunn,fieberbrunn,A,stoptreinstation,47.49111,12528.0,
187,FN,8400232,Franeker,Franeker,Franeker,franeker,NL,stoptreinstation,53.1824488,5.5483094,Friesland
186,FFFM,8011068,Frankfurt,Frankfurt Hbf,Frankfurt (M) Hbf,frankfurt-m-hbf,D,knooppuntIntercitystation,50.1071222,8.6638338,
752,FRANKO,8010113,Frankf(Od),Frankfurt (Oder),Frankfurt (Oder),frankfurt-oder,D,stoptreinstation,52.336163,14.546509,
189,FNAF,8011090,FrankfurtF,Frankfurt Flugh.,Frankfurt Flughafen Fernb,frankfurt-flughafen-fernb,D,knooppuntIntercitystation,50.0531710299,8.57023715973,
593,RF,8014350,Freiburg,Freiburg (B.),Freiburg (Breisgau) Hbf,freiburg-breisgau-hbf,D,sneltreinstation,47.99789,7.84134,
199,GDR,8400241,Gaanderen,Gaanderen,Gaanderen,gaanderen,NL,stoptreinstation,51.93074,6.3486,Gelderland
200,GEISL,8029086,Geislingen,Geislingen,Geislingen,geislingen,D,stoptreinstation,48.6194774237,9.84184026718,
198,GDM,8400244,Geldermlsn,Geldermalsen,Geldermalsen,geldermalsen,NL,knooppuntStoptreinstation,51.88301,5.27127,Gelderland
209,GP,8400245,Geldrop,Geldrop,Geldrop,geldrop,NL,stoptreinstation,51.4197235107,5.55055570602,Noord-Brabant
203,GLN,8400246,Geleen O,Geleen Oost,Geleen Oost,geleen-oost,NL,stoptreinstation,50.9669456482,5.8430557251,Limburg
320,LUT,8400248,Geleen-Lut,Geleen-Lutterade,Geleen-Lutterade,geleen-lutterade,NL,stoptreinstation,50.9755554199,5.82472229004,Limburg
218,GZ,8400251,Gilze-Rij,Gilze-Rijen,Gilze-Rijen,gilze-rijen,NL,stoptreinstation,51.5836105347,4.92611122131,Noord-Brabant
194,GBR,8400262,Glanerbrug,Glanerbrug,Glanerbrug,glanerbrug,NL,stoptreinstation,52.2186126709,6.97444438934,Overijssel
753,LGL,8841731,Glons,Glons,Glons,glons,B,stoptreinstation,50.750277,5.535278,
211,GS,8400253,Goes,Goes,Goes,goes,NL,stoptreinstation,51.4980545044,3.89055562019,Zeeland
207,GO,8400254,Goor,Goor,Goor,goor,NL,stoptreinstation,52.2302780151,6.58444452286,Overijssel
597,TGO,8029066,Göppingen,Göppingen,Göppingen,goppingen,D,sneltreinstation,48.700191,9.651685,
210,GR,8400256,Gorinchem,Gorinchem,Gorinchem,gorinchem,NL,knooppuntStoptreinstation,51.8338890076,4.96833324432,Zuid-Holland
195,GD,8400258,Gouda,Gouda,Gouda,gouda,NL,knooppuntIntercitystation,52.0175018311,4.70444440842,Zuid-Holland
196,GDG,8400257,Goverwelle,Gouda Goverwelle,Gouda Goverwelle,gouda-goverwelle,NL,stoptreinstation,52.0149993896,4.74083328247,Zuid-Holland
193,GBG,8400259,Gramsbergn,Gramsbergen,Gramsbergen,gramsbergen,NL,stoptreinstation,52.6091651916,6.67583322525,Overijssel
202,GK,8400267,Grijpskerk,Grijpskerk,Grijpskerk,grijpskerk,NL,stoptreinstation,53.2557403256,6.30977869034,Groningen
192,G,8021128,Gronau,Gronau (Westf.),Gronau (Westf.),gronau-westf,D,knooppuntStoptreinstation,52.21521,7.022109,
204,GN,8400263,Groningen,Groningen,Groningen,groningen,NL,knooppuntIntercitystation,53.2105560303,6.56472206116,Groningen
201,GERP,8400238,Europapark,Europapark,Groningen Europapark,groningen-europapark,NL,stoptreinstation,53.20480027,6.5854178,Groningen
206,GNN,8400264,Groningn N,Groningen Noord,Groningen Noord,groningen-noord,NL,stoptreinstation,53.2301469,6.5563172,Groningen
217,GW,8400266,Grou-Jirns,Grou-Jirnsum,Grou-Jirnsum,grou-jirnsum,NL,stoptreinstation,53.0888900757,5.82250022888,Friesland
696,WIJ,8400712,Gulpen-W,Gulpen-Wijlre,Gulpen-Wijlre,gulpen-wijlre,NL,facultatiefStation,50.833056,5.898056,Limburg
598,MGZB,8002084,Günzburg,Günzburg,Günzburg,gunzburg,D,sneltreinstation,48.460226,10.278707,
244,HLM,8400285,Haarlem,Haarlem,Haarlem,haarlem,NL,knooppuntIntercitystation,52.3877792358,4.63833332062,Noord-Holland
245,HLMS,8400270,Spaarnwde,Spaarnwoude,Haarlem Spaarnwoude,haarlem-spaarnwoude,NL,stoptreinstation,52.3827781677,4.6730556488,Noord-Holland
220,HAGEN,8008073,Hagen,Hagen Hbf,Hagen Hbf,hagen-hbf,D,knooppuntSneltreinstation,51.362747,7.460249,
684,HWZB,8400400,Halfweg-Zw,Halfweg-Zwanenb.,Halfweg-Zwanenburg,halfweg-zwanenburg,NL,stoptreinstation,52.385935,4.747165,Noord-Holland
221,HAMH,8001071,Hamburg H,Hamburg Hbf,Hamburg Hbf,hamburg-hbf,D,knooppuntIntercitystation,53.5526394,10.0067103,
222,HAMM,8010002,Hamm,Hamm (Westf.),Hamm (Westf.),hamm-westf,D,knooppuntStoptreinstation,51.678078,7.807821,
223,HANN,8013552,Hannover H,Hannover Hbf,Hannover Hbf,hannover-hbf,D,megastation,52.3770401,9.7416759,
226,HDB,8400293,Hardenberg,Hardenberg,Hardenberg,hardenberg,NL,sneltreinstation,52.5727767944,6.6286110878,Overijssel
225,HD,8400294,Harderwijk,Harderwijk,Harderwijk,harderwijk,NL,knooppuntStoptreinstation,52.3375015259,5.61972236633,Gelderland
685,HBZM,8400438,Blauwe Zm,Blauwe Zoom,Hardinxveld Blauwe Zoom,hardinxveld-blauwe-zoom,NL,stoptreinstation,51.82944,4.81556,Zuid-Holland
205,GND,8400295,Hardinxvld,Hardinxveld-G.,Hardinxveld-Giessendam,hardinxveld-giessendam,NL,stoptreinstation,51.8305549622,4.8358335495,Zuid-Holland
264,HRN,8400297,Haren,Haren,Haren,haren,NL,stoptreinstation,53.176109314,6.61722230911,Groningen
242,HLG,8400296,Harlingen,Harlingen,Harlingen,harlingen,NL,stoptreinstation,53.1704205,5.4251932,Friesland
243,HLGH,8400298,Harl Haven,Harlingen Haven,Harlingen Haven,harlingen-haven,NL,stoptreinstation,53.174917,5.4112885,Friesland
754,FHS,8831005,Hasselt,Hasselt,Hasselt,hasselt,B,stoptreinstation,50.930555,5.3275,
238,HK,8400317,Heemskerk,Heemskerk,Heemskerk,heemskerk,NL,stoptreinstation,52.4952774048,4.68694448471,Noord-Holland
219,HAD,8400302,Heemstede,Heemstede-A.,Heemstede-Aerdenhout,heemstede-aerdenhout,NL,intercitystation,52.3591651916,4.60666656494,Noord-Holland
260,HR,8400305,Heerenveen,Heerenveen,Heerenveen,heerenveen,NL,intercitystation,52.9613876343,5.9141664505,Friesland
599,HRY,8400301,IJsstadion,IJsstadion,Heerenveen IJsstadion,heerenveen-ijsstadion,NL,facultatiefStation,52.9352760315,5.94388866425,Friesland
274,HWD,8400306,Heerhugow,Heerhugowaard,Heerhugowaard,heerhugowaard,NL,knooppuntStoptreinstation,52.6697235107,4.82277774811,Noord-Holland
261,HRL,8400307,Heerlen,Heerlen,Heerlen,heerlen,NL,knooppuntIntercitystation,50.8908348084,5.97499990463,Limburg
263,HRLK,8400409,De Kissel,Hrl De Kissel,Heerlen De Kissel,heerlen-de-kissel,NL,stoptreinstation,50.8901689329,5.9933423996,Limburg
262,HRLW,8400404,Heerlen W,Hrl Woonblvd,Heerlen Woonboulevard,heerlen-woonboulevard,NL,stoptreinstation,50.896667,5.952222,Limburg
276,HZE,8400308,Heeze,Heeze,Heeze,heeze,NL,stoptreinstation,51.3849983215,5.56944465637,Noord-Brabant
600,MID,8821519,Heide,Heide,Heide,heide,B,stoptreinstation,51.364828,4.4604308,
246,HLO,8400309,Heiloo,Heiloo,Heiloo,heiloo,NL,stoptreinstation,52.599445343,4.70055532455,Noord-Holland
254,HNO,8400310,Heino,Heino,Heino,heino,NL,stoptreinstation,52.4272232056,6.22111129761,Overijssel
247,HM,8400313,Helmond,Helmond,Helmond,helmond,NL,knooppuntIntercitystation,51.4755554199,5.66194438934,Noord-Brabant
250,HMH,8400300,'t Hout,Helmond 't Hout,Helmond 't Hout,helmond-t-hout,NL,stoptreinstation,51.46794,5.63085,Noord-Brabant
249,HMBV,8400242,Brandevrt,Brandevoort,Helmond Brandevoort,helmond-brandevoort,NL,stoptreinstation,51.462223053,5.60722208023,Noord-Brabant
248,HMBH,8400299,Brouwhuis,Brouwhuis,Helmond Brouwhuis,helmond-brouwhuis,NL,stoptreinstation,51.47068,5.70177,Noord-Brabant
705,LKM,8824224,Hemiksem,Hemiksem,Hemiksem,hemiksem,B,stoptreinstation,51.13624,4.33828,
251,HMN,8400315,Hemmen-D,Hemmen-Dodewaard,Hemmen-Dodewaard,hemmen-dodewaard,NL,stoptreinstation,51.9222129,5.6737254,Gelderland
233,HGL,8400316,Hengelo,Hengelo,Hengelo,hengelo,NL,knooppuntIntercitystation,52.2616653442,6.79388904572,Overijssel
686,HGLG,8400433,Gezondhprk,Hengelo Gezondh.,Hengelo Gezondheidspark,hengelo-gezondheidspark,NL,stoptreinstation,52.261667,6.773611,Overijssel
234,HGLO,8400312,Hengelo O,Hengelo Oost,Hengelo Oost,hengelo-oost,NL,stoptreinstation,52.2688903809,6.81944465637,Overijssel
755,LHS,8841608,Herstal,Herstal,Herstal,herstal,B,stoptreinstation,50.66076,5.62231,
275,HZ,8015190,Herzogenr,Herzogenrath,Herzogenrath,herzogenrath,D,stoptreinstation,50.870916,6.094486,
237,HIL,8400329,Hillegom,Hillegom,Hillegom,hillegom,NL,stoptreinstation,52.3025016785,4.56555557251,Zuid-Holland
271,HVS,8400322,Hilversum,Hilversum,Hilversum,hilversum,NL,knooppuntIntercitystation,52.2258338928,5.18194437027,Noord-Holland
722,HVSM,8400324,Media Park,Media Park,Hilversum Media Park,hilversum-media-park,NL,stoptreinstation,52.2380561829,5.17388868332,Noord-Holland
273,HVSP,8400570,Sportpark,Sportpark,Hilversum Sportpark,hilversum-sportpark,NL,stoptreinstation,52.2161102295,5.18722200394,Noord-Holland
255,HNP,8400323,Hindeloopn,Hindeloopen,Hindeloopen,hindeloopen,NL,stoptreinstation,52.9464903,5.423063,Friesland
706,FOE,8824158,Hoboken-P,Hoboken-Polder,Hoboken-Polder,hoboken-polder,B,stoptreinstation,51.18285,4.34831,
224,HB,8400326,Hoensbroek,Hoensbroek,Hoensbroek,hoensbroek,NL,stoptreinstation,50.9055557251,5.93055534363,Limburg
687,HVL,8400490,Hoevelaken,Hoevelaken,Hoevelaken,hoevelaken,NL,stoptreinstation,52.16652,5.45718,Utrecht
259,HOR,8400327,Hol Rading,Holl. Rading,Hollandsche Rading,hollandsche-rading,NL,stoptreinstation,52.1777763367,5.17916679382,Utrecht
258,HON,8400328,Holten,Holten,Holten,holten,NL,stoptreinstation,52.2838897705,6.42027759552,Overijssel
602,EHZW,8010384,H'wickede,Holzwickede,Holzwickede,holzwickede,D,stoptreinstation,51.504767,7.619647,
232,HFD,8400332,Hoofddorp,Hoofddorp,Hoofddorp,hoofddorp,NL,stoptreinstation,52.2933349609,4.70055532455,Noord-Holland
235,HGV,8400330,Hoogeveen,Hoogeveen,Hoogeveen,hoogeveen,NL,stoptreinstation,52.7338905334,6.47361087799,Drenthe
236,HGZ,8400331,Hoogezand,Hoogezand-Sap.,Hoogezand-Sappemeer,hoogezand-sappemeer,NL,knooppuntStoptreinstation,53.1598181317,6.77075386047,Groningen
239,HKS,8400334,Hoogkrspl,Hoogkarspel,Hoogkarspel,hoogkarspel,NL,stoptreinstation,52.6905555725,5.1838889122,Noord-Holland
252,HN,8400337,Hoorn,Hoorn,Hoorn,hoorn,NL,knooppuntIntercitystation,52.6447219849,5.05555534363,Noord-Holland
253,HNK,8400336,Hoorn Kers,Kersenboogerd,Hoorn Kersenboogerd,hoorn-kersenboogerd,NL,stoptreinstation,52.6536102295,5.08555555344,Noord-Holland
603,HOPF,8101168,Hopfgarten,Hopfgarten,Hopfgarten,hopfgarten,A,stoptreinstation,47.45525,12.14921,
265,HRT,8400339,Horst-Sev,Horst-Sevenum,Horst-Sevenum,horst-sevenum,NL,stoptreinstation,51.4263877869,6.04222202301,Limburg
267,HTN,8400340,Houten,Houten,Houten,houten,NL,knooppuntStoptreinstation,52.03402,5.16821,Utrecht
268,HTNC,8400335,Houten Cas,Houten Castellum,Houten Castellum,houten-castellum,NL,stoptreinstation,52.01701,5.17949,Utrecht
426,SGL,8400341,Houthem-St,Houthem-St Gerl.,Houthem-St Gerlach,houthem-st-gerlach,NL,stoptreinstation,50.8733329773,5.79722213745,Limburg
707,MHO,8821337,Hove,Hove,Hove,hove,B,stoptreinstation,51.153611,4.465278,
228,HDG,8400292,Hurdegaryp,Hurdegaryp,Hurdegaryp,hurdegaryp,NL,stoptreinstation,53.2187783,5.934543,Friesland
277,IJT,8400722,IJlst,IJlst,IJlst,ijlst,NL,stoptreinstation,53.0146614,5.6160801,Friesland
604,INNSB,8101187,Innsbruck,Innsbruck Hbf,Innsbruck Hbf,innsbruck-hbf,A,knooppuntIntercitystation,47.26328,11401.0,
605,JENBAC,8101176,Jenbach,Jenbach,Jenbach,jenbach,A,stoptreinstation,47.38844,11.77841,
289,KN,8015131,Kaldenkir,Kaldenkirchen,Kaldenkirchen,kaldenkirchen,D,stoptreinstation,51.327184,6.203225,
606,FKTH,8821444,Kalmthout,Kalmthout,Kalmthout,kalmthout,B,stoptreinstation,51.3909989,4.4668202,
294,KPN,8400353,Kampen,Kampen,Kampen,kampen,NL,stoptreinstation,52.5597229004,5.92166662216,Overijssel
688,KPNZ,8400360,Kampen Z,Kampen Zuid,Kampen Zuid,kampen-zuid,NL,stoptreinstation,52.5331,5.91309,Overijssel
112,BZL,8400354,Kapelle-Bi,Kapelle-Biezel.,Kapelle-Biezelinge,kapelle-biezelinge,NL,stoptreinstation,51.4808349609,3.9561111927,Zeeland
608,LKP,8821535,Kapellen,Kapellen,Kapellen,kapellen,B,stoptreinstation,51.31362,4.43262,
609,KARLSR,8014231,Karlsruhe,Karlsruhe Hbf,Karlsruhe Hbf,karlsruhe-hbf,D,intercitystation,48.9936223,8.400743,
295,KRD,8400355,Kerkrade C,Kerkrade C.,Kerkrade Centrum,kerkrade-centrum,NL,knooppuntStoptreinstation,50.8616676331,6.05749988556,Limburg
610,KRW,8400573,Kerkrade W,Kerkrade West,Kerkrade West,kerkrade-west,NL,facultatiefStation,50.85355,6.02578,Limburg
299,KTR,8400359,Kesteren,Kesteren,Kesteren,kesteren,NL,stoptreinstation,51.9313869,5.5833465,Gelderland
611,GKT,8821451,Kijkuit,Kijkuit,Kijkuit,kijkuit,B,stoptreinstation,51.37867,4.46722,
612,KIRCHB,8101163,Kirchberg,Kirchberg in T.,Kirchberg in Tirol,kirchberg-in-tirol,A,stoptreinstation,47.44921,12.30953,
613,KITZB,8101160,Kitzbühel,Kitzbühel,Kitzbühel,kitzbuhel,A,stoptreinstation,47.45411,12.39104,
282,KBK,8400361,Klarenbk,Klarenbeek,Klarenbeek,klarenbeek,NL,stoptreinstation,52.1780548096,6.08361101151,Gelderland
287,KMR,8400362,Klimmen-R,Klimmen-Ransdaal,Klimmen-Ransdaal,klimmen-ransdaal,NL,stoptreinstation,50.8663902283,5.89055538177,Limburg
614,KKO,8019022,Koblenz,Koblenz Hbf,Koblenz Hbf,koblenz-hbf,D,intercitystation,50.351085,7.588649,
292,KOLN,8015458,Köln Hbf,Köln Hbf,Köln Hbf,koln-hbf,D,megastation,50.9432158,6.9589214,
692,KKD,8015559,Köln-Deutz,Köln-Deutz,Köln-Deutz,koln-deutz,D,megastation,50.940874,6.975001,
615,KONIN,5103310,Konin,Konin,Konin,konin,PL,stoptreinstation,52.23702,18.22069,
708,FKI,8821311,Kontich,Kontich,Kontich,kontich,B,stoptreinstation,51.133889,4.476667,
802,KZ,8400363,Koog Zaan,Koog a.d. Zaan,Koog aan de Zaan,koog-aan-de-zaan,NL,stoptreinstation,52.4586105347,4.80555534363,Noord-Holland
283,kbw,8400363,Koog Bloem,Koog Bloemwijk,Koog Bloemwijk tot 10 dec,koog-bloemwijk-tot-10-dec,NL,stoptreinstation,52.4586105347,4.80555534363,Noord-Holland
301,kzd,8400364,Koog Zaand,Koog-Zaandijk,Koog-Zaandijk tot 10 dec,koog-zaandijk-tot-10-dec,NL,stoptreinstation,52.469165802,4.80499982834,Noord-Holland
288,KMW,8400366,Koudum-M,Koudum-Molkwerum,Koudum-Molkwerum,koudum-molkwerum,NL,stoptreinstation,52.9028197,5.4106913,Friesland
281,KBD,8400367,Krabbendke,Krabbendijke,Krabbendijke,krabbendijke,NL,stoptreinstation,51.4333343506,4.11694431305,Zeeland
286,KMA,8400368,Krommenie,Krommenie-Ass.,Krommenie-Assendelft,krommenie-assendelft,NL,stoptreinstation,52.49511,4.75417,Noord-Holland
300,KW,8400369,Kropswolde,Kropswolde,Kropswolde,kropswolde,NL,stoptreinstation,53.1617362,6.7220882,Groningen
297,KRG,8400370,Kruiningen,Kruiningen-Y.,Kruiningen-Yerseke,kruiningen-yerseke,NL,stoptreinstation,51.4650001526,4.03722238541,Zeeland
616,KUFST,8102184,Kufstein,Kufstein,Kufstein,kufstein,A,intercitystation,47.5831,12.16568,
617,KUTNO,5100032,Kutno,Kutno,Kutno,kutno,PL,stoptreinstation,52.22694,19.34859,
533,ZLW,8400382,Lage Zwalu,Lage Zwaluwe,Lage Zwaluwe,lage-zwaluwe,NL,knooppuntStoptreinstation,51.6911125183,4.66305541992,Noord-Brabant
618,LAND,8101212,Landeck,Landeck,Landeck,landeck,A,stoptreinstation,47.14824,10.57839,
312,LG,8400548,Landgraaf,Landgraaf,Landgraaf,landgraaf,NL,knooppuntStoptreinstation,50.8963890076,6.01916646957,Limburg
733,LANDQ,8509002,Landquart,Landquart,Landquart,landquart,CH,intercitystation,46.96722,9.5538,
303,LANDRY,8774177,Landry,Landry,Landry,landry,F,intercitystation,45.57414,6.73378,
309,LEER,8021091,Leer,Leer (Ostfr.),Leer (Ostfriesland),leer-ostfriesland,D,stoptreinstation,53.23165,7.465283,
307,LDM,8400386,Leerdam,Leerdam,Leerdam,leerdam,NL,stoptreinstation,51.8947219849,5.09138870239,Zuid-Holland
321,LW,8400387,Leeuwarden,Leeuwarden,Leeuwarden,leeuwarden,NL,knooppuntIntercitystation,53.1958351135,5.79222202301,Friesland
709,ADH,8400406,Achter d.H,Achter de Hoven,Leeuwarden Achter d Hoven,leeuwarden-achter-d-hoven,NL,facultatiefStation,53.19889,5.81639,Friesland
322,LWC,8400389,Camminghab,Camminghaburen,Leeuwarden Camminghaburen,leeuwarden-camminghaburen,NL,stoptreinstation,53.2021808,5.8422968,Friesland
620,ELGD,8021122,Legden,Legden,Legden,legden,D,stoptreinstation,52.034924,7.088538,
308,LEDN,8400390,Leiden C,Leiden C.,Leiden Centraal,leiden-centraal,NL,knooppuntIntercitystation,52.1661109924,4.48166656494,Zuid-Holland
306,LDL,8400384,Leiden Lam,Lammenschans,Leiden Lammenschans,leiden-lammenschans,NL,stoptreinstation,52.1469459534,4.49249982834,Zuid-Holland
313,LLS,8400394,Lelystad C,Lelystad C.,Lelystad Centrum,lelystad-centrum,NL,knooppuntIntercitystation,52.5077781677,5.47277784348,Flevoland
621,ELET,8021117,Lette,Lette (Kr Coers),Lette (Kr Coersfeld),lette-kr-coersfeld,D,stoptreinstation,51.8925,7187.0,
622,LEUVEN,8833100,Leuven,Leuven,Leuven,leuven,B,intercitystation,50.88136,4.71568,
316,LTV,8400395,Lichtenv-G,Lichtenvoorde-G.,Lichtenvoorde-Groenlo,lichtenvoorde-groenlo,NL,stoptreinstation,52.01188,6.59641,Gelderland
318,LUIK,8841004,Liège-G.,Liège-Guillemins,Liège-Guillemins,liege-guillemins,B,knooppuntIntercitystation,50.62436,5.56648,
779,LUIKJ,8841558,Liège-J.,Liège-Jonfosse,Liège-Jonfosse,liege-jonfosse,B,stoptreinstation,50.64051,5.56197,
780,LUIKP,8841525,Liège-P.,Liège-Palais,Liège-Palais,liege-palais,B,stoptreinstation,50.64648,5.57072,
756,LSL,8841673,Liers,Liers,Liers,liers,B,stoptreinstation,50.69822,5.56848,
767,LILLEE,8722326,Lille E.,Lille Europe,Lille Europe,lille-europe,F,intercitystation,50.639444,3.074722,
623,FLB,8032572,Limburg S,Limburg Süd,Limburg Süd,limburg-sud,D,stoptreinstation,50.382498,8.096112,
689,LIVOR,8300157,Livorno C.,Livorno Centrale,Livorno Centrale,livorno-centrale,I,intercitystation,43.56446,10.33529,
304,LC,8400399,Lochem,Lochem,Lochem,lochem,NL,stoptreinstation,52.1666679382,6.42638874054,Gelderland
787,FLK,8894201,Lokeren,Lokeren,Lokeren,lokeren,B,stoptreinstation,51.107777,3.9875,
806,STP,7015400,London StP,London St. Pancr,London St. Pancras,london-st-pancras,GB,intercitystation,51.53239,0.12716,
760,londs,7015400,London StP,London St. Pancr,London St. Pancras,london-st-pancras,GB,intercitystation,51.53239,0.12716,
314,LP,8400403,Loppersum,Loppersum,Loppersum,loppersum,NL,stoptreinstation,53.3347145,6.7472625,Groningen
795,LOURD,8767133,Lourdes,Lourdes,Lourdes,lourdes,F,intercitystation,43.100556,-0.041666,
626,ELDH,8021113,Lü'hausen,Lüdinghausen,Lüdinghausen,ludinghausen,D,stoptreinstation,51.76184,7.43165,
627,ELUE,8010098,Lünen Hbf,Lünen Hbf,Lünen Hbf,lunen-hbf,D,stoptreinstation,51.61713,7.52949,
315,LTN,8400405,Lunteren,Lunteren,Lunteren,lunteren,NL,stoptreinstation,52.0852775574,5.62444448471,Gelderland
348,MZ,8400432,Maarheeze,Maarheeze,Maarheeze,maarheeze,NL,stoptreinstation,51.3037623603,5.63034296036,Noord-Brabant
339,MRN,8400417,Maarn,Maarn,Maarn,maarn,NL,knooppuntStoptreinstation,52.0641670227,5.36999988556,Utrecht
327,MAS,8400419,Maarssen,Maarssen,Maarssen,maarssen,NL,stoptreinstation,52.1352767944,5.03361129761,Utrecht
807,MHV,8400670,Maashaven,Maashaven,Maashaven,maashaven,NL,facultatiefStation,51.897222,4494.0,
342,MT,8400424,Maastricht,Maastricht,Maastricht,maastricht,NL,knooppuntIntercitystation,50.850276947,5.705555439,Limburg
723,MTN,8400449,Maastr N,Maastricht Noord,Maastricht Noord,maastricht-noord,NL,stoptreinstation,50.87087,5.71774,Limburg
344,MTR,8400426,Maastr Rw,Maastricht Randw,Maastricht Randwyck,maastricht-randwyck,NL,knooppuntStoptreinstation,50.8386116028,5.71722221375,Limburg
788,FMZ,8019051,Mainz Hbf,Mainz Hbf,Mainz Hbf,mainz-hbf,D,intercitystation,50.001117,8.25872,
628,MANNHE,8014008,Mannheim,Mannheim Hbf,Mannheim Hbf,mannheim-hbf,D,intercitystation,49.479354,8.468921,
333,MG,8400427,Mantgum,Mantgum,Mantgum,mantgum,NL,stoptreinstation,53.1296368,5.7131996,Friesland
338,MRB,8400428,Mariënberg,Mariënberg,Mariënberg,marienberg,NL,knooppuntSneltreinstation,52.5094451904,6.57527780533,Overijssel
325,MARNE,8738264,Marne-la-V,Marne-la-Vallée,Marne-la-Vallée-Chessy,marne-la-vallee-chessy,F,stoptreinstation,48.86826,2.78218,
326,MARS,8775100,Marseille,Marseille-St-C,Marseille-St-Charles,marseille-st-charles,F,intercitystation,43.30381,5.38195,
343,MTH,8400430,Martenshk,Martenshoek,Martenshoek,martenshoek,NL,stoptreinstation,53.1607232,6.7402989,Groningen
330,MECH,8822004,Mechelen,Mechelen,Mechelen,mechelen,B,intercitystation,51.01786,4.48306,
710,LNK,8822343,Nekkersp,Mech-Nekkerspoel,Mechelen-Nekkerspoel,mechelen-nekkerspoel,B,stoptreinstation,51.03,4.49,
331,MES,8400434,Meerssen,Meerssen,Meerssen,meerssen,NL,sneltreinstation,50.8828793926,5.75099945068,Limburg
789,LM,8894755,Melsele,Melsele,Melsele,melsele,B,stoptreinstation,51.210556,4.286667,
337,MP,8400435,Meppel,Meppel,Meppel,meppel,NL,knooppuntStoptreinstation,52.6908340454,6.19750022888,Drenthe
629,EMTE,8021151,Metelen L.,Metelen Land,Metelen Land,metelen-land,D,stoptreinstation,52.162444,7.254423,
329,MDB,8400436,Middelburg,Middelburg,Middelburg,middelburg,NL,stoptreinstation,51.494720459,3.61722230911,Zeeland
774,BLTM,8841665,Milmort,Milmort,Milmort,milmort,B,stoptreinstation,50.69301,5.59983,
334,MINDEN,8013578,Minden,Minden (Westf.),Minden (Westf.),minden-westf,D,stoptreinstation,52.290138,8.934728,
328,MCGB,8015165,Mönchengl,Mönchengladbach,Mönchengladbach Hbf,monchengladbach-hbf,D,knooppuntIntercitystation,51.196583,6.446111,
630,KMB,8019585,Montabaur,Montabaur,Montabaur,montabaur,D,intercitystation,50.444834,7.825333,
335,MMLH,8400446,Mook Molen,Molenhoek,Mook Molenhoek,mook-molenhoek,NL,stoptreinstation,51.77158,5.88145,Limburg
711,GMD,8821154,M-Deurnest,M-Deurnesteenweg,Mortsel-Deurnesteenweg,mortsel-deurnesteenweg,B,stoptreinstation,51.1825,4.447222,
712,GMOG,8821238,M-Oude God,Mortsel-Oude God,Mortsel-Oude God,mortsel-oude-god,B,stoptreinstation,51.171111,4.455833,
336,MOUT,8774172,Moutiers-S,Moutiers-Salins,Moutiers-Salins-Brides,moutiers-salins-brides,F,stoptreinstation,45.48664,6.53105,
345,MUNCHH,8020347,München,München Hbf,München Hbf,munchen-hbf,D,megastation,48.140203336,11.5583467484,
346,MUNST,8021011,Münster,Münster (Westf.),Münster (Westf.) Hbf,munster-westf-hbf,D,knooppuntIntercitystation,51.956892,7.635895,
631,ENHF,8023783,Münster N,Münster Nord,Münster Zentrum Nord,munster-zentrum-nord,D,stoptreinstation,51.984987,7.63861,
632,ENBE,8021147,Münster-H,Münster-Häger,Münster-Häger,munster-hager,D,stoptreinstation,52.022327,7.562668,
350,NDB,8400452,Naarden-Bu,Naarden-Bussum,Naarden-Bussum,naarden-bussum,NL,knooppuntStoptreinstation,52.2802772522,5.1569442749,Noord-Holland
351,NEUSS,8015149,Neuss,Neuss Hbf,Neuss Hbf,neuss-hbf,D,stoptreinstation,51.20444,6.68468,
713,LNI,8824240,Niel,Niel,Niel,niel,B,stoptreinstation,51.11154,4.33845,
349,,8400454,Nw A'dam,Nieuw Amsterdam,Nieuw Amsterdam,nieuw-amsterdam,NL,sneltreinstation,52.7186126709,6.84861087799,Drenthe
364,NVP,8400460,Nw Vennep,Nieuw Vennep,Nieuw Vennep,nieuw-vennep,NL,stoptreinstation,52.2588882446,4.64555549622,Noord-Holland
365,NWK,8400455,Nieuwerkrk,Nieuwerkerk,Nieuwerkerk a/d IJssel,nieuwerkerk-a-d-ijssel,NL,stoptreinstation,51.9652786255,4.61694431305,Zuid-Holland
790,FNU,8894714,Nieuwkerke,Nieuwkerken-Waas,Nieuwkerken-Waas,nieuwkerken-waas,B,stoptreinstation,51.185556,4.185832,
354,NKK,8400469,Nijkerk,Nijkerk,Nijkerk,nijkerk,NL,stoptreinstation,52.2222213745,5.49388885498,Gelderland
355,NM,8400470,Nijmegen,Nijmegen,Nijmegen,nijmegen,NL,knooppuntIntercitystation,51.8436126709,5.85222244263,Gelderland
356,NMD,8400475,Dukenburg,Dukenburg,Nijmegen Dukenburg,nijmegen-dukenburg,NL,stoptreinstation,51.8241653442,5.79555559158,Gelderland
762,NMGO,8400477,Goffert,Nijmegen Goffert,Nijmegen Goffert,nijmegen-goffert,NL,stoptreinstation,51.8273,5.822722,Gelderland
357,NMH,8400468,Heyendaal,Nm Heyendaal,Nijmegen Heyendaal,nijmegen-heyendaal,NL,stoptreinstation,51.8269462585,5.86749982834,Gelderland
358,NML,8400451,Lent,Nijmegen Lent,Nijmegen Lent,nijmegen-lent,NL,stoptreinstation,51.861811,5.859686,Gelderland
362,NVD,8400472,Nijverdal,Nijverdal,Nijverdal,nijverdal,NL,stoptreinstation,52.36555,6.471111,Overijssel
771,NDKP,8821105,N.kempen,Noorderkempen,Noorderkempen,noorderkempen,B,stoptreinstation,51.3573,4.63273,
633,ENOW,8021149,Nordwalde,Nordwalde,Nordwalde,nordwalde,D,stoptreinstation,52.077618,7.461706,
360,NS,8400466,Nunspeet,Nunspeet,Nunspeet,nunspeet,NL,stoptreinstation,52.3708343506,5.78527784348,Gelderland
693,NURNB,8022194,Nürnberg,Nürnberg Hbf,Nürnberg Hbf,nurnberg-hbf,D,intercitystation,49.4449634,11.0826087,
352,NH,8400467,Nuth,Nuth,Nuth,nuth,NL,stoptreinstation,50.9194450378,5.89277791977,Limburg
368,OBD,8400480,Obdam,Obdam,Obdam,obdam,NL,stoptreinstation,52.6780548096,4.90722227097,Noord-Holland
369,OBERH,8010263,Oberhausen,Oberhausen Hbf,Oberhausen Hbf,oberhausen-hbf,D,stoptreinstation,51.47512,6.852038,
808,OBERHS,8010266,Ob-Sterkr,Oberh-Sterkrade,Oberhausen-Sterkrade,oberhausen-sterkrade,D,stoptreinstation,51.512222,6.843611,
634,EOP,8021152,Ochtrup,Ochtrup,Ochtrup,ochtrup,D,stoptreinstation,52.201703,7.182643,
635,RO,8014309,Offenburg,Offenburg,Offenburg,offenburg,D,sneltreinstation,48.476475,7.946723,
380,OT,8400482,Oisterwijk,Oisterwijk,Oisterwijk,oisterwijk,NL,stoptreinstation,51.5822219849,5.19416666031,Noord-Brabant
372,ODZ,8400483,Oldenzaal,Oldenzaal,Oldenzaal,oldenzaal,NL,stoptreinstation,52.306388855,6.93472242355,Overijssel
379,OST,8400486,Olst,Olst,Olst,olst,NL,stoptreinstation,52.3347206116,6.11305570602,Overijssel
376,OMN,8400487,Ommen,Ommen,Ommen,ommen,NL,knooppuntSneltreinstation,52.5094451904,6.41583347321,Overijssel
381,OTB,8400489,Oosterbeek,Oosterbeek,Oosterbeek,oosterbeek,NL,stoptreinstation,51.9949989319,5.84000015259,Gelderland
377,OP,8400494,Opheusden,Opheusden,Opheusden,opheusden,NL,stoptreinstation,51.9261615,5.6371145,Gelderland
378,OSNH,8021025,Osnabrück,Osnabrück Hbf,Osnabrück Hbf,osnabruck-hbf,D,megastation,52.272851,8.061781,
367,O,8400495,Oss,Oss,Oss,oss,NL,knooppuntIntercitystation,51.7655563354,5.53222227097,Noord-Brabant
383,OW,8400496,Oss W,Oss West,Oss West,oss-west,NL,stoptreinstation,51.7580566406,5.50555562973,Noord-Brabant
678,OETZ,8101204,Ötztal,Ötztal,Ötztal,otztal,A,intercitystation,47.23848,10.85911,
371,ODB,8400498,Oudenbosch,Oudenbosch,Oudenbosch,oudenbosch,NL,stoptreinstation,51.5877761841,4.53333330154,Noord-Brabant
382,OVN,8400501,Overveen,Overveen,Overveen,overveen,NL,stoptreinstation,52.3911094666,4.60611104965,Noord-Holland
385,PARIS,8727100,Paris-Nord,Paris-Nord,Paris-Nord,paris-nord,F,megastation,48.87977,2.35575,
638,TP,8029060,Plochingen,Plochingen,Plochingen,plochingen,D,sneltreinstation,48.71308,9.41081,
639,POZN,5100081,Poznan Gl.,Poznan Gl.,Poznan Gl.,poznan-gl,PL,stoptreinstation,52.40199,16.91087,
735,PRAHA,5457076,Praha hl.n,Praha hl.n.,Praha hl.n.,praha-hln,CZ,intercitystation,50.08306,14435.0,
736,PRAHOL,5457256,Praha-Hol.,Praha-Holesovice,Praha-Holesovice,praha-holesovice,CZ,intercitystation,50.1102,14.44,
640,EPRN,8010100,Preussen,Preussen,Preussen,preussen,D,stoptreinstation,51.58833,7.53933,
388,PMR,8400508,Purmerend,Purmerend,Purmerend,purmerend,NL,knooppuntStoptreinstation,52.5030555725,4.95361089706,Noord-Holland
387,PMO,8400506,Overwhere,Overwhere,Purmerend Overwhere,purmerend-overwhere,NL,stoptreinstation,52.511390686,4.96833324432,Noord-Holland
389,PMW,8400499,Weidevenne,Weidevenne,Purmerend Weidevenne,purmerend-weidevenne,NL,stoptreinstation,52.4965906325,4.93562936783,Noord-Holland
391,PT,8400509,Putten,Putten,Putten,putten,NL,stoptreinstation,52.2649993896,5.57527780533,Gelderland
714,FRP,8822715,Puurs,Puurs,Puurs,puurs,B,stoptreinstation,51.07716,4.28273,
394,RAT,8400513,Raalte,Raalte,Raalte,raalte,NL,stoptreinstation,52.3916664124,6.27750015259,Overijssel
772,LRW,8024069,Rathenow,Rathenow,Rathenow,rathenow,D,intercitystation,52.599444,12.354721,
416,RVS,8400515,Ravenstein,Ravenstein,Ravenstein,ravenstein,NL,stoptreinstation,51.7941665649,5.6358332634,Noord-Brabant
415,RV,8400518,Reuver,Reuver,Reuver,reuver,NL,stoptreinstation,51.2832191665,6.07895851135,Limburg
397,RH,8400519,Rheden,Rheden,Rheden,rheden,NL,stoptreinstation,52.0099983215,6.0305557251,Gelderland
398,RHEINE,8021067,Rheine,Rheine,Rheine,rheine,D,knooppuntIntercitystation,52.276299,7.434255,
399,RHN,8400517,Rhenen,Rhenen,Rhenen,rhenen,NL,knooppuntStoptreinstation,51.9586105347,5.57833337784,Utrecht
406,RSN,8400538,Rijssen,Rijssen,Rijssen,rijssen,NL,stoptreinstation,52.3122215271,6.52027797699,Overijssel
407,RSW,8400505,Rijswijk,Rijswijk,Rijswijk,rijswijk,NL,stoptreinstation,52.0397224426,4.31916666031,Zuid-Holland
395,RB,8400521,Rilland-Ba,Rilland-Bath,Rilland-Bath,rilland-bath,NL,stoptreinstation,51.4227790833,4.16111087799,Zeeland
402,RM,8400523,Roermond,Roermond,Roermond,roermond,NL,knooppuntIntercitystation,51.1930541992,5.99416685104,Limburg
396,RD,8400525,Roodeschl,Roodeschool,Roodeschool,roodeschool,NL,stoptreinstation,53.4192128,6.7606167,Groningen
405,RSD,8400526,Roosendaal,Roosendaal,Roosendaal,roosendaal,NL,knooppuntIntercitystation,51.5402793884,4.45833349228,Noord-Brabant
641,EHW,8021121,Rosend-H,Rosendahl-Holtw.,Rosendahl-Holtwick,rosendahl-holtwick,D,stoptreinstation,51.9994672604,7.12150096893,
404,RS,8400524,Rosmalen,Rosmalen,Rosmalen,rosmalen,NL,stoptreinstation,51.7147216797,5.36805534363,Noord-Brabant
409,RTA,8400507,Alexander,Alexander,Rotterdam Alexander,rotterdam-alexander,NL,intercitystation,51.9519462585,4.55361127853,Zuid-Holland
803,BEURS,8400077,Beurs,Rotterdam Beurs,Rotterdam Beurs,rotterdam-beurs,NL,facultatiefStation,51.917931,4.477872,Zuid-Holland
410,RTB,8400529,Blaak,Rotterdam Blaak,Rotterdam Blaak,rotterdam-blaak,NL,intercitystation,51.9202766418,4.48888874054,Zuid-Holland
411,RTD,8400530,Rotterdam,Rotterdam C.,Rotterdam Centraal,rotterdam-centraal,NL,megastation,51.9249992371,4.46888875961,Zuid-Holland
401,RLB,8400542,Lombardije,Lombardijen,Rotterdam Lombardijen,rotterdam-lombardijen,NL,stoptreinstation,51.8800010681,4.53138875961,Zuid-Holland
412,RTN,8400531,Rotterdm N,Rotterdam Noord,Rotterdam Noord,rotterdam-noord,NL,stoptreinstation,51.9422225952,4.48166656494,Zuid-Holland
413,RTST,8400534,R'dam Sta,R'dam Stadion,Rotterdam Stadion,rotterdam-stadion,NL,facultatiefStation,51.8938903809,4.51972198486,Zuid-Holland
414,RTZ,8400533,Rotterdm Z,Rotterdam Zuid,Rotterdam Zuid,rotterdam-zuid,NL,stoptreinstation,51.9044456482,4.51027774811,Zuid-Holland
715,FSV,8822848,Ruisbr-S,Ruisbroek-Sauv.,Ruisbroek-Sauvegarde,ruisbroek-sauvegarde,B,stoptreinstation,51.08115,4.32551,
400,RL,8400537,Ruurlo,Ruurlo,Ruurlo,ruurlo,NL,stoptreinstation,52.0810888,6.4492656,Gelderland
643,RZEPIN,5100082,Rzepin,Rzepin,Rzepin,rzepin,PL,stoptreinstation,52.35022,14.81507,
644,SAALF,8101148,Saalfelden,Saalfelden,Saalfelden,saalfelden,A,stoptreinstation,47.42684,12.82942,
435,SPTN,8400543,Santprt N,Santpoort Noord,Santpoort Noord,santpoort-noord,NL,stoptreinstation,52.4338874817,4.63250017166,Noord-Holland
436,SPTZ,8400544,Santprt Z,Santpoort Zuid,Santpoort Zuid,santpoort-zuid,NL,stoptreinstation,52.4197235107,4.63138866425,Noord-Holland
434,SPM,8400545,Sappemr O,Sappemeer Oost,Sappemeer Oost,sappemeer-oost,NL,stoptreinstation,53.1589183,6.7955648,Groningen
544,SSH,8400603,Sassenheim,Sassenheim,Sassenheim,sassenheim,NL,stoptreinstation,52.215278,4.517222,Zuid-Holland
449,SWD,8400547,Sauwerd,Sauwerd,Sauwerd,sauwerd,NL,stoptreinstation,53.29113,6.5404,Groningen
427,SGN,8400549,Schagen,Schagen,Schagen,schagen,NL,stoptreinstation,52.7844429016,4.8052778244,Noord-Holland
421,SDA,8400551,Scheemda,Scheemda,Scheemda,scheemda,NL,stoptreinstation,53.1655362,6.9777775,Groningen
716,SCHLL,8824232,Schelle,Schelle,Schelle,schelle,B,stoptreinstation,51.12555,4.34023,
422,SDM,8400553,Schiedam C,Schiedam C.,Schiedam Centrum,schiedam-centrum,NL,intercitystation,51.9212438128,4.40899372101,Zuid-Holland
433,SOG,8400555,Schin op G,Schin op Geul,Schin op Geul,schin-op-geul,NL,stoptreinstation,50.856388092,5.87222242355,Limburg
432,SN,8400554,Schinnen,Schinnen,Schinnen,schinnen,NL,stoptreinstation,50.9391670227,5.87444448471,Limburg
428,SHL,8400561,Schiphol,Schiphol Airport,Schiphol Airport,schiphol-airport,NL,megastation,52.3094444275,4.76194429398,Noord-Holland
645,SCHWAR,8101137,Schwarzach,Schwarzach-St. V,Schwarzach-St. Veit,schwarzach-st-veit,A,stoptreinstation,47.31853,13.15446,
646,KSWE,8008136,Schwelm,Schwelm,Schwelm,schwelm,D,stoptreinstation,51.290526,7.289681,
647,ESRT,8008016,Schwerte,Schwerte (R),Schwerte (Ruhr),schwerte-ruhr,D,stoptreinstation,51.442281,7.55896,
648,ESEM,8021112,Selm,Selm,Selm,selm,D,stoptreinstation,51.707885,7.453396,
649,ESEB,8021120,Selm-B,Selm-Beifang,Selm-Beifang,selm-beifang,D,stoptreinstation,51.692947,7.454829,
298,KSB,8015588,Siegburg,Siegburg/Bonn,Siegburg/Bonn,siegburg-bonn,D,stoptreinstation,50.7939411,7.2030017,
650,SPV,8400559,Simpelveld,Simpelveld,Simpelveld,simpelveld,NL,facultatiefStation,50.8314750744,5.97973823547,Limburg
791,LSW,8894425,Sinaai,Sinaai,Sinaai,sinaai,B,stoptreinstation,51.143333,4.068889,
717,FWA,8822228,Sint-Katel,Sint-Katelijne-W,Sint-Katelijne-Waver,sint-katelijne-waver,B,stoptreinstation,51.07,4.496111,
792,FSN,8894508,Sint-Nikla,Sint-Niklaas,Sint-Niklaas,sint-niklaas,B,stoptreinstation,51.171944,4.144167,
440,STD,8400564,Sittard,Sittard,Sittard,sittard,NL,knooppuntIntercitystation,51.0016670227,5.85861110687,Limburg
423,SDT,8400565,Sliedrecht,Sliedrecht,Sliedrecht,sliedrecht,NL,stoptreinstation,51.8297233582,4.7783331871,Zuid-Holland
548,SDTB,8400497,Baanhoek,Baanhoek,Sliedrecht Baanhoek,sliedrecht-baanhoek,NL,stoptreinstation,51.829722,4.743333,Zuid-Holland
429,SK,8400566,Sneek,Sneek,Sneek,sneek,NL,knooppuntStoptreinstation,53.0328688,5.6523969,Friesland
430,SKND,8400574,Sneek N,Sneek Noord,Sneek Noord,sneek-noord,NL,stoptreinstation,53.0409319,5.6631808,Friesland
438,ST,8400567,Soest,Soest,Soest,soest,NL,knooppuntStoptreinstation,52.1733322144,5.30999994278,Utrecht
448,STZ,8400571,Soest Z,Soest Zuid,Soest Zuid,soest-zuid,NL,stoptreinstation,52.1652793884,5.30305576324,Utrecht
420,SD,8400569,Soestdijk,Soestdijk,Soestdijk,soestdijk,NL,stoptreinstation,52.1836128235,5.30000019073,Utrecht
417,SBK,8400572,Spaubeek,Spaubeek,Spaubeek,spaubeek,NL,stoptreinstation,50.94327,5.850529,Limburg
694,SPH,8400670,Spekholzer,Spekholzerheide,Spekholzerheide,spekholzerheide,NL,facultatiefStation,50.85355,6.02578,Limburg
651,MARIA,8821543,St-Mariab,St-Mariaburg,St-Mariaburg,st-mariaburg,B,stoptreinstation,51.29126,4.43495,
652,STJOHP,8101136,St.JohannP,St. Johann im P.,St. Johann im Pongau,st-johann-im-pongau,A,stoptreinstation,47.34811,13.19486,
653,STJOH,8101157,St. Johann,St. Johann in T.,St. Johann in Tirol,st-johann-in-tirol,A,stoptreinstation,47.51962,12.43079,
447,STV,8400575,Stavoren,Stavoren,Stavoren,stavoren,NL,stoptreinstation,52.8865535,5.3600212,Friesland
442,STM,8400576,Stedum,Stedum,Stedum,stedum,NL,stoptreinstation,53.3262092,6.6875551,Groningen
450,SWK,8400578,Steenwijk,Steenwijk,Steenwijk,steenwijk,NL,intercitystation,52.7915109924,6.11455576324,Overijssel
655,EBGO,8021150,Steinf-Bor,Steinfurt-Borgh,Steinfurt-Borghorst,steinfurt-borghorst,D,stoptreinstation,52.118791,7.397581,
656,EBFT,8021143,Steinf-Bur,Steinfurt-Burgst,Steinfurt-Burgsteinfurt,steinfurt-burgsteinfurt,D,stoptreinstation,52.147384,7.32934,
654,EGRK,8071069,Steinf-Gr,Steinfurt-Grotte,Steinfurt-Grottenkamp,steinfurt-grottenkamp,D,stoptreinstation,52.123439,7.376031,
657,LS,8024062,Stendal,Stendal,Stendal,stendal,D,intercitystation,52.594723,11.854412,
662,TS,8029034,Stuttgart,Stuttgart Hbf,Stuttgart Hbf,stuttgart-hbf,D,knooppuntIntercitystation,48.784084,9.181635,
437,SRN,8400582,Susteren,Susteren,Susteren,susteren,NL,stoptreinstation,51.0613899231,5.86305570602,Limburg
431,SM,8400583,Swalmen,Swalmen,Swalmen,swalmen,NL,stoptreinstation,51.23582,6.03228,Limburg
663,WTA,8013471,Tantow,Tantow,Tantow,tantow,D,stoptreinstation,53.26928,14.34793,
457,TG,8400591,Tegelen,Tegelen,Tegelen,tegelen,NL,stoptreinstation,51.33894,6.14253,Limburg
454,TBG,8400592,Terborg,Terborg,Terborg,terborg,NL,stoptreinstation,51.9224549,6.3642466,Gelderland
458,TL,8400596,Tiel,Tiel,Tiel,tiel,NL,knooppuntStoptreinstation,51.8894462585,5.42222213745,Gelderland
459,TPSW,8400600,Passewaaij,Tiel Passewaaij,Tiel Passewaaij,tiel-passewaaij,NL,stoptreinstation,51.8738899231,5.39222240448,Gelderland
453,TB,8400597,Tilburg,Tilburg,Tilburg,tilburg,NL,knooppuntIntercitystation,51.5605545044,5.08361101151,Noord-Brabant
455,TBR,8400598,Reeshof,Tilburg Reeshof,Tilburg Reeshof,tilburg-reeshof,NL,stoptreinstation,51.5736122131,4.99444437027,Noord-Brabant
456,TBU,8400594,Tilburg Un,Tilburg Univers.,Tilburg Universiteit,tilburg-universiteit,NL,stoptreinstation,51.5649986267,5.05111122131,Noord-Brabant
763,FTG,8831310,Tongeren,Tongeren,Tongeren,tongeren,B,stoptreinstation,50.784167,5.473056,
809,TUD,8400673,TU-Delft,TU-Delft (bus),TU-Delft (NS-bus),tu-delft-ns-bus,NL,facultatiefStation,4.372426,52.001579,
460,TWL,8400599,Twello,Twello,Twello,twello,NL,stoptreinstation,52.23777771,6.09861087799,Gelderland
468,UTG,8400615,Uitgeest,Uitgeest,Uitgeest,uitgeest,NL,knooppuntStoptreinstation,52.5216674805,4.70166683197,Noord-Holland
462,UHZ,8400617,Uithuizen,Uithuizen,Uithuizen,uithuizen,NL,stoptreinstation,53.4099568,6.6748869,Groningen
461,UHM,8400618,Uithuizerm,Uithuizermeeden,Uithuizermeeden,uithuizermeeden,NL,stoptreinstation,53.4145845,6.7202975,Groningen
665,TU,8029103,Ulm,Ulm Hbf,Ulm Hbf,ulm-hbf,D,sneltreinstation,48.399015,9.982165,
666,EUN,8010382,Unna,Unna,Unna,unna,D,stoptreinstation,51.5385828,7.6953056,
465,UST,8400619,Usquert,Usquert,Usquert,usquert,NL,stoptreinstation,53.4014742,6.6093776,Groningen
737,USTI,5453179,Usti nad L,Usti nad Labem,Usti nad Labem,usti-nad-labem,CZ,intercitystation,50.65956,14.04473,
467,UT,8400621,Utrecht C,Utrecht C.,Utrecht Centraal,utrecht-centraal,NL,megastation,52.0888900757,5.11027765274,Utrecht
718,UTLR,8400607,LeidscheRn,Leidsche Rijn,Utrecht Leidsche Rijn,utrecht-leidsche-rijn,NL,stoptreinstation,52.09896,5.06523,Utrecht
796,UTLN,8400623,Lunetten,Utrecht Lunetten,Utrecht Lunetten,utrecht-lunetten,NL,stoptreinstation,52.0655555725,5.14416646957,Utrecht
470,UTM,8400624,Maliebaan,Maliebaan,Utrecht Maliebaan,utrecht-maliebaan,NL,stoptreinstation,52.0877761841,5.13138866425,Utrecht
471,UTO,8400620,Overvecht,Overvecht,Utrecht Overvecht,utrecht-overvecht,NL,knooppuntStoptreinstation,52.1100006104,5.12472200394,Utrecht
472,UTT,8400614,Terwijde,Utrecht Terwijde,Utrecht Terwijde,utrecht-terwijde,NL,stoptreinstation,52.1005554199,5.04166650772,Utrecht
799,utu,8400625,Uithof,Uithof (NS-bus),Utrecht Uithof (NS-bus),utrecht-uithof-ns-bus,NL,facultatiefstation,52.084901,5.163533,Utrecht
797,UTVR,8400606,VaartscheR,Vaartsche Rijn,Utrecht Vaartsche Rijn,utrecht-vaartsche-rijn,NL,stoptreinstation,52.078889,5.121667,Utrecht
473,UTZL,8400613,Zuilen,Utrecht Zuilen,Utrecht Zuilen,utrecht-zuilen,NL,stoptreinstation,52.103055,5.09,Utrecht
474,VALTGV,8776302,ValenceTGV,Valence TGV,Valence TGV,valence-tgv,F,stoptreinstation,44.9278,4.89321,
486,VK,8400632,Valkenburg,Valkenburg,Valkenburg,valkenburg,NL,knooppuntSneltreinstation,50.869720459,5.83222198486,Limburg
496,VSV,8400635,Varsseveld,Varsseveld,Varsseveld,varsseveld,NL,stoptreinstation,51.937257,6.458839,Gelderland
543,VDM,8400636,Veendam,Veendam,Veendam,veendam,NL,knooppuntStoptreinstation,53.10324,6.88475,Groningen
489,VNDC,8400627,Veenendl C,Veenendaal C.,Veenendaal Centrum,veenendaal-centrum,NL,knooppuntStoptreinstation,52.0200004578,5.54861116409,Utrecht
490,VNDW,8400628,Veenendl W,Veenendaal West,Veenendaal West,veenendaal-west,NL,stoptreinstation,52.0280570984,5.53138875961,Utrecht
285,KLP,8400637,De Klomp,De Klomp,Veenendaal-De Klomp,veenendaal-de-klomp,NL,stoptreinstation,52.0458335876,5.57388877869,Gelderland
800,veg,8400639,Veghel,Veghel (NS-bus),Veghel (NS-bus),veghel-ns-bus,NL,facultatiefstation,51.613836,5.547236,Noord-Brabant
491,VP,8400640,Velp,Velp,Velp,velp,NL,stoptreinstation,51.994720459,5.98027801514,Gelderland
487,VL,8400644,Venlo,Venlo,Venlo,venlo,NL,knooppuntIntercitystation,51.363609314,6.17277765274,Limburg
492,VRY,8400646,Venray,Venray,Venray,venray,NL,knooppuntStoptreinstation,51.526568099,6.01417779922,Limburg
488,VLB,8400647,Vierlingsb,Vierlingsbeek,Vierlingsbeek,vierlingsbeek,NL,stoptreinstation,51.59193,5.99714,Noord-Brabant
485,VIERS,8015122,Viersen,Viersen,Viersen,viersen,D,stoptreinstation,51.25516,6.40388,
191,FVS,8846201,Visé,Visé,Visé,vise,B,knooppuntStoptreinstation,50.73781,5.69232,
497,VTN,8400651,Vleuten,Vleuten,Vleuten,vleuten,NL,stoptreinstation,52.1030540466,5.0108332634,Utrecht
493,VS,8400652,Vlissingen,Vlissingen,Vlissingen,vlissingen,NL,knooppuntIntercitystation,51.4458351135,3.59527778625,Zeeland
494,VSS,8400653,Souburg,Souburg,Vlissingen Souburg,vlissingen-souburg,NL,stoptreinstation,51.4647216797,3.59527778625,Zeeland
478,VDL,8400656,Voerendaal,Voerendaal,Voerendaal,voerendaal,NL,stoptreinstation,50.88722229,5.9302778244,Limburg
475,VB,8400658,Voorburg,Voorburg,Voorburg,voorburg,NL,stoptreinstation,52.0666656494,4.35944461823,Zuid-Holland
483,VH,8400655,Voorhout,Voorhout,Voorhout,voorhout,NL,stoptreinstation,52.224445343,4.48444461823,Zuid-Holland
495,VST,8400659,Voorschtn,Voorschoten,Voorschoten,voorschoten,NL,stoptreinstation,52.1252784729,4.43249988556,Zuid-Holland
481,VEM,8400668,Voorst-E,Voorst-Empe,Voorst-Empe,voorst-empe,NL,stoptreinstation,52.1575012207,6.14361095428,Gelderland
476,VD,8400661,Vorden,Vorden,Vorden,vorden,NL,stoptreinstation,52.1071949,6.3170457,Gelderland
499,VZ,8400664,Vriezenvn,Vriezenveen,Vriezenveen,vriezenveen,NL,stoptreinstation,52.40203,6.60041,Overijssel
484,VHP,8400666,Vroomshoop,Vroomshoop,Vroomshoop,vroomshoop,NL,stoptreinstation,52.4571921,6.5696679,Overijssel
482,VG,8400667,Vught,Vught,Vught,vught,NL,stoptreinstation,51.6555557251,5.29194450378,Noord-Brabant
801,wkb,8400671,Waalwijk,Waalwijk (bus),Waalwijk (NS-bus),waalwijk-ns-bus,NL,facultatiefstation,51.687121,5.071663,Noord-Brabant
500,WAD,8400675,Waddinxvn,Waddinxveen,Waddinxveen,waddinxveen,NL,stoptreinstation,52.0441665649,4.6497220993,Zuid-Holland
501,WADN,8400674,Waddinxv N,Waddinxveen N.,Waddinxveen Noord,waddinxveen-noord,NL,stoptreinstation,52.0550003052,4.6483335495,Zuid-Holland
506,WFM,8400679,Warffum,Warffum,Warffum,warffum,NL,stoptreinstation,53.3908431,6.5671364,Groningen
668,WARSZC,5100065,Warszawa C,Warszawa C.,Warszawa Centralna,warszawa-centralna,PL,stoptreinstation,52.22886,21.00323,
669,WARSAW,5100066,Warszawa W,Warszawa Wschodn,Warszawa Wschodnia,warszawa-wschodnia,PL,stoptreinstation,52.25155,21.05233,
514,WR,8021239,Weener,Weener,Weener,weener,D,stoptreinstation,53.16311,7.3442,
517,WT,8400684,Weert,Weert,Weert,weert,NL,intercitystation,51.2486114502,5.70361089706,Limburg
513,WP,8400685,Weesp,Weesp,Weesp,weesp,NL,knooppuntStoptreinstation,52.3127784729,5.04305553436,Noord-Holland
510,WL,8400686,Wehl,Wehl,Wehl,wehl,NL,stoptreinstation,51.9578065,6.213844,Gelderland
545,WTV,8400688,Westervrt,Westervoort,Westervoort,westervoort,NL,stoptreinstation,51.96286,5.9695,Gelderland
524,WZ,8400690,Wezep,Wezep,Wezep,wezep,NL,stoptreinstation,52.4541664124,6.00250005722,Gelderland
508,WIENW,8101001,Wien Westb,Wien Westbf,Wien Westbahnhof,wien-westbahnhof,A,knooppuntIntercitystation,48.19687,16.33727,
504,WDN,8400691,Wierden,Wierden,Wierden,wierden,NL,knooppuntStoptreinstation,52.3613891602,6.59166669846,Overijssel
502,WC,8400710,Wijchen,Wijchen,Wijchen,wijchen,NL,stoptreinstation,51.811668396,5.73083353043,Gelderland
507,WH,8400711,Wijhe,Wijhe,Wijhe,wijhe,NL,stoptreinstation,52.3902778625,6.14055538177,Overijssel
670,GWD,8821436,Wildert,Wildert,Wildert,wildert,B,stoptreinstation,51.4277061,4.4633962,
515,WS,8400696,Winschoten,Winschoten,Winschoten,winschoten,NL,knooppuntStoptreinstation,53.1392377,7.035101,Groningen
516,WSM,8400697,Winsum,Winsum,Winsum,winsum,NL,stoptreinstation,53.3300994,6.5202905,Groningen
522,WW,8400698,Winterswk,Winterswijk,Winterswijk,winterswijk,NL,knooppuntStoptreinstation,51.9677307,6.7155181,Gelderland
523,WWW,8400700,Wintersw W,Winterswijk West,Winterswijk West,winterswijk-west,NL,stoptreinstation,51.97453,6.70417,Gelderland
503,WD,8400702,Woerden,Woerden,Woerden,woerden,NL,knooppuntStoptreinstation,52.0849990845,4.89361095428,Utrecht
505,WF,8400704,Wolfheze,Wolfheze,Wolfheze,wolfheze,NL,stoptreinstation,52.0055541992,5.79361104965,Gelderland
671,HWOB,8013017,Wolfsburg,Wolfsburg,Wolfsburg,wolfsburg,D,sneltreinstation,52.429492,10.788195,
521,WV,8400705,Wolvega,Wolvega,Wolvega,wolvega,NL,stoptreinstation,52.8808326721,6.0036110878,Friesland
675,WORGL,8101170,Wörgl,Wörgl,Wörgl,worgl,A,intercitystation,47.49178,12.06059,
509,WK,8400706,Workum,Workum,Workum,workum,NL,stoptreinstation,52.9724864,5.4564285,Friesland
511,WM,8400707,Wormerveer,Wormerveer,Wormerveer,wormerveer,NL,stoptreinstation,52.4891662598,4.79222202301,Noord-Holland
672,KWBA,8008142,Wup'tal B,Wuppertal B,Wuppertal Barmen,wuppertal-barmen,D,stoptreinstation,51.267082,7.195929,
519,WUPPH,8008140,Wuppertal,Wuppertal Hbf,Wuppertal Hbf,wuppertal-hbf,D,stoptreinstation,51.25433,7.14939,
673,KWO,8008138,Wup'tal O,Wuppertal O,Wuppertal Oberbarmen,wuppertal-oberbarmen,D,stoptreinstation,51.273839,7.221483,
745,WUPPV,8008082,Wupp-Vohw,Wupp-Vohwinkel,Wuppertal-Vohwinkel,wuppertal-vohwinkel,D,stoptreinstation,51.23351,7.07237,
698,WURZB,8022539,Würzburg,Würzburg Hbf,Würzburg Hbf,wurzburg-hbf,D,intercitystation,49.80179,9.9358,
529,ZD,8400731,Zaandam,Zaandam,Zaandam,zaandam,NL,knooppuntIntercitystation,52.4388885498,4.81361103058,Noord-Holland
530,ZDK,8400728,Kogerveld,Kogerveld,Zaandam Kogerveld,zaandam-kogerveld,NL,stoptreinstation,52.4566650391,4.82027769089,Noord-Holland
804,ZZS,8400364,Zaanse S.,Zaanse Schans,Zaandijk Zaanse Schans,zaandijk-zaanse-schans,NL,stoptreinstation,52.469165802,4.80499982834,Noord-Holland
528,ZBM,8400732,Zaltbommel,Zaltbommel,Zaltbommel,zaltbommel,NL,stoptreinstation,51.8088874817,5.26333332062,Gelderland
540,ZVT,8400733,Zandvoort,Zandvoort a Zee,Zandvoort aan Zee,zandvoort-aan-zee,NL,stoptreinstation,52.3752784729,4.53277778625,Noord-Holland
676,ZELL,8101145,Zell am S.,Zell am See,Zell am See,zell-am-see,A,stoptreinstation,47.32053,12.79658,
526,ZA,8400734,Zetten-And,Zetten-Andelst,Zetten-Andelst,zetten-andelst,NL,stoptreinstation,51.920056,5.7228408,Gelderland
538,ZV,8400735,Zevenaar,Zevenaar,Zevenaar,zevenaar,NL,knooppuntStoptreinstation,51.9230537415,6.07194423676,Gelderland
539,ZVB,8400737,Zevenbergn,Zevenbergen,Zevenbergen,zevenbergen,NL,stoptreinstation,51.64042,4.60904,Noord-Brabant
535,ZTM,8400741,Zoetermeer,Zoetermeer,Zoetermeer,zoetermeer,NL,knooppuntStoptreinstation,52.0475006104,4.47722244263,Zuid-Holland
536,ZTMO,8400740,Zoetermr O,Zoetermeer Oost,Zoetermeer Oost,zoetermeer-oost,NL,stoptreinstation,52.0463905334,4.4927778244,Zuid-Holland
527,ZB,8400742,Zuidbroek,Zuidbroek,Zuidbroek,zuidbroek,NL,knooppuntStoptreinstation,53.15961228,6.86791419983,Groningen
531,ZH,8400743,Zuidhorn,Zuidhorn,Zuidhorn,zuidhorn,NL,stoptreinstation,53.2486292,6.4062361,Groningen
677,ZUE,8503000,Zürich HB,Zürich HB,Zürich HB,zurich-hb,CH,intercitystation,47.37819,8.5392,
534,ZP,8400744,Zutphen,Zutphen,Zutphen,zutphen,NL,knooppuntIntercitystation,52.1452789307,6.19416666031,Gelderland
541,ZWD,8400752,Zwijndrcht,Zwijndrecht,Zwijndrecht,zwijndrecht,NL,stoptreinstation,51.8149986267,4.64166688919,Zuid-Holland
793,LZD,8894821,Zwijndrech,Zwijndrecht (B),Zwijndrecht (Belgie),zwijndrecht-belgie,B,stoptreinstation,51.214167,4.33,
532,ZL,8400747,Zwolle,Zwolle,Zwolle,zwolle,NL,knooppuntIntercitystation,52.5047225952,6.09194421768,Overijssel
